month_end_date,branch_id,statement_loan_count,statement_funded_amount,statement_source
2024-08-31,BR001,20,10157700.00,SYNTHETIC_MONTH_END_CONTROL
2024-08-31,BR002,15,6086400.00,SYNTHETIC_MONTH_END_CONTROL
2024-08-31,BR003,14,6814800.00,SYNTHETIC_MONTH_END_CONTROL
2024-08-31,BR004,18,10081200.00,SYNTHETIC_MONTH_END_CONTROL
2024-08-31,BR005,13,5282200.00,SYNTHETIC_MONTH_END_CONTROL
2024-08-31,BR006,21,9264900.00,SYNTHETIC_MONTH_END_CONTROL
2024-08-31,BR007,26,11378900.00,SYNTHETIC_MONTH_END_CONTROL
2024-08-31,BR008,21,10779900.00,SYNTHETIC_MONTH_END_CONTROL
2024-08-31,BR009,18,7675500.00,SYNTHETIC_MONTH_END_CONTROL
2024-08-31,BR010,13,5578600.00,SYNTHETIC_MONTH_END_CONTROL
2024-08-31,BR011,19,8726200.00,SYNTHETIC_MONTH_END_CONTROL
2024-08-31,BR012,15,5877200.00,SYNTHETIC_MONTH_END_CONTROL
2024-08-31,BR013,16,6943300.00,SYNTHETIC_MONTH_END_CONTROL
2024-08-31,BR014,17,7658500.00,SYNTHETIC_MONTH_END_CONTROL
2024-08-31,BR015,23,9834400.00,SYNTHETIC_MONTH_END_CONTROL
2024-08-31,BR016,18,8836900.00,SYNTHETIC_MONTH_END_CONTROL
2024-08-31,BR017,23,10086000.00,SYNTHETIC_MONTH_END_CONTROL
2024-08-31,BR018,13,5880000.00,SYNTHETIC_MONTH_END_CONTROL
2024-08-31,BR019,15,7605000.00,SYNTHETIC_MONTH_END_CONTROL
2024-08-31,BR020,23,11122800.00,SYNTHETIC_MONTH_END_CONTROL
2024-08-31,BR021,13,5524800.00,SYNTHETIC_MONTH_END_CONTROL
2024-08-31,BR022,16,8184100.00,SYNTHETIC_MONTH_END_CONTROL
2024-08-31,BR023,17,7836300.00,SYNTHETIC_MONTH_END_CONTROL
2024-08-31,BR024,11,4096800.00,SYNTHETIC_MONTH_END_CONTROL
2024-08-31,BR025,19,8748100.00,SYNTHETIC_MONTH_END_CONTROL
2024-08-31,BR026,18,8944200.00,SYNTHETIC_MONTH_END_CONTROL
2024-08-31,BR027,19,9825200.00,SYNTHETIC_MONTH_END_CONTROL
2024-08-31,BR028,9,4524100.00,SYNTHETIC_MONTH_END_CONTROL
2024-08-31,BR029,17,7908400.00,SYNTHETIC_MONTH_END_CONTROL
2024-08-31,BR030,17,9194700.00,SYNTHETIC_MONTH_END_CONTROL
2024-08-31,BR031,14,6513700.00,SYNTHETIC_MONTH_END_CONTROL
2024-08-31,BR032,20,8235200.00,SYNTHETIC_MONTH_END_CONTROL
2024-08-31,BR033,19,8252300.00,SYNTHETIC_MONTH_END_CONTROL
2024-08-31,BR034,14,5886400.00,SYNTHETIC_MONTH_END_CONTROL
2024-08-31,BR035,20,10532600.00,SYNTHETIC_MONTH_END_CONTROL
2024-08-31,BR036,23,10393700.00,SYNTHETIC_MONTH_END_CONTROL
2024-08-31,BR037,14,7509100.00,SYNTHETIC_MONTH_END_CONTROL
2024-08-31,BR038,22,8910200.00,SYNTHETIC_MONTH_END_CONTROL
2024-08-31,BR039,24,11021100.00,SYNTHETIC_MONTH_END_CONTROL
2024-08-31,BR040,15,5192000.00,SYNTHETIC_MONTH_END_CONTROL
2024-08-31,BR041,15,7208700.00,SYNTHETIC_MONTH_END_CONTROL
2024-08-31,BR042,20,8715300.00,SYNTHETIC_MONTH_END_CONTROL
2024-08-31,BR043,14,7334900.00,SYNTHETIC_MONTH_END_CONTROL
2024-08-31,BR044,15,6497900.00,SYNTHETIC_MONTH_END_CONTROL
2024-08-31,BR045,15,6908100.00,SYNTHETIC_MONTH_END_CONTROL
2024-08-31,BR046,20,9584300.00,SYNTHETIC_MONTH_END_CONTROL
2024-08-31,BR047,17,7812200.00,SYNTHETIC_MONTH_END_CONTROL
2024-08-31,BR048,22,9591300.00,SYNTHETIC_MONTH_END_CONTROL
2024-08-31,BR049,17,8049200.00,SYNTHETIC_MONTH_END_CONTROL
2024-08-31,BR050,15,7610600.00,SYNTHETIC_MONTH_END_CONTROL
2024-08-31,BR051,20,9471000.00,SYNTHETIC_MONTH_END_CONTROL
2024-08-31,BR052,15,5178700.00,SYNTHETIC_MONTH_END_CONTROL
2024-08-31,BR053,11,3409500.00,SYNTHETIC_MONTH_END_CONTROL
2024-08-31,BR054,19,8718500.00,SYNTHETIC_MONTH_END_CONTROL
2024-08-31,BR055,20,10705200.00,SYNTHETIC_MONTH_END_CONTROL
2024-08-31,BR056,18,7765800.00,SYNTHETIC_MONTH_END_CONTROL
2024-08-31,BR057,19,9428200.00,SYNTHETIC_MONTH_END_CONTROL
2024-08-31,BR058,14,5724600.00,SYNTHETIC_MONTH_END_CONTROL
2024-08-31,BR059,13,6086300.00,SYNTHETIC_MONTH_END_CONTROL
2024-08-31,BR060,21,8989000.00,SYNTHETIC_MONTH_END_CONTROL
2024-09-30,BR001,25,12884800.00,SYNTHETIC_MONTH_END_CONTROL
2024-09-30,BR002,21,9308700.00,SYNTHETIC_MONTH_END_CONTROL
2024-09-30,BR003,18,7754700.00,SYNTHETIC_MONTH_END_CONTROL
2024-09-30,BR004,18,7980500.00,SYNTHETIC_MONTH_END_CONTROL
2024-09-30,BR005,15,7534500.00,SYNTHETIC_MONTH_END_CONTROL
2024-09-30,BR006,17,7802600.00,SYNTHETIC_MONTH_END_CONTROL
2024-09-30,BR007,11,5865300.00,SYNTHETIC_MONTH_END_CONTROL
2024-09-30,BR008,16,7986900.00,SYNTHETIC_MONTH_END_CONTROL
2024-09-30,BR009,17,8465900.00,SYNTHETIC_MONTH_END_CONTROL
2024-09-30,BR010,17,7212900.00,SYNTHETIC_MONTH_END_CONTROL
2024-09-30,BR011,11,4503900.00,SYNTHETIC_MONTH_END_CONTROL
2024-09-30,BR012,18,9144800.00,SYNTHETIC_MONTH_END_CONTROL
2024-09-30,BR013,12,5728300.00,SYNTHETIC_MONTH_END_CONTROL
2024-09-30,BR014,11,4343100.00,SYNTHETIC_MONTH_END_CONTROL
2024-09-30,BR015,23,11464400.00,SYNTHETIC_MONTH_END_CONTROL
2024-09-30,BR016,22,10697300.00,SYNTHETIC_MONTH_END_CONTROL
2024-09-30,BR017,15,7343200.00,SYNTHETIC_MONTH_END_CONTROL
2024-09-30,BR018,23,9668700.00,SYNTHETIC_MONTH_END_CONTROL
2024-09-30,BR019,21,9740500.00,SYNTHETIC_MONTH_END_CONTROL
2024-09-30,BR020,17,7472100.00,SYNTHETIC_MONTH_END_CONTROL
2024-09-30,BR021,26,12003600.00,SYNTHETIC_MONTH_END_CONTROL
2024-09-30,BR022,18,7743900.00,SYNTHETIC_MONTH_END_CONTROL
2024-09-30,BR023,19,9001700.00,SYNTHETIC_MONTH_END_CONTROL
2024-09-30,BR024,13,5184900.00,SYNTHETIC_MONTH_END_CONTROL
2024-09-30,BR025,10,5368900.00,SYNTHETIC_MONTH_END_CONTROL
2024-09-30,BR026,18,7135900.00,SYNTHETIC_MONTH_END_CONTROL
2024-09-30,BR027,18,8548100.00,SYNTHETIC_MONTH_END_CONTROL
2024-09-30,BR028,15,5816700.00,SYNTHETIC_MONTH_END_CONTROL
2024-09-30,BR029,19,9337200.00,SYNTHETIC_MONTH_END_CONTROL
2024-09-30,BR030,19,9168500.00,SYNTHETIC_MONTH_END_CONTROL
2024-09-30,BR031,24,10906600.00,SYNTHETIC_MONTH_END_CONTROL
2024-09-30,BR032,20,7819000.00,SYNTHETIC_MONTH_END_CONTROL
2024-09-30,BR033,20,8069000.00,SYNTHETIC_MONTH_END_CONTROL
2024-09-30,BR034,13,6329400.00,SYNTHETIC_MONTH_END_CONTROL
2024-09-30,BR035,19,8885100.00,SYNTHETIC_MONTH_END_CONTROL
2024-09-30,BR036,22,10661300.00,SYNTHETIC_MONTH_END_CONTROL
2024-09-30,BR037,21,9956600.00,SYNTHETIC_MONTH_END_CONTROL
2024-09-30,BR038,20,9513100.00,SYNTHETIC_MONTH_END_CONTROL
2024-09-30,BR039,17,8499900.00,SYNTHETIC_MONTH_END_CONTROL
2024-09-30,BR040,17,7267300.00,SYNTHETIC_MONTH_END_CONTROL
2024-09-30,BR041,16,9002000.00,SYNTHETIC_MONTH_END_CONTROL
2024-09-30,BR042,8,3082900.00,SYNTHETIC_MONTH_END_CONTROL
2024-09-30,BR043,15,6747400.00,SYNTHETIC_MONTH_END_CONTROL
2024-09-30,BR044,9,4914300.00,SYNTHETIC_MONTH_END_CONTROL
2024-09-30,BR045,16,6796100.00,SYNTHETIC_MONTH_END_CONTROL
2024-09-30,BR046,17,9087900.00,SYNTHETIC_MONTH_END_CONTROL
2024-09-30,BR047,17,8802800.00,SYNTHETIC_MONTH_END_CONTROL
2024-09-30,BR048,20,8476500.00,SYNTHETIC_MONTH_END_CONTROL
2024-09-30,BR049,12,5758700.00,SYNTHETIC_MONTH_END_CONTROL
2024-09-30,BR050,23,11858700.00,SYNTHETIC_MONTH_END_CONTROL
2024-09-30,BR051,19,9534800.00,SYNTHETIC_MONTH_END_CONTROL
2024-09-30,BR052,14,6523700.00,SYNTHETIC_MONTH_END_CONTROL
2024-09-30,BR053,24,10024500.00,SYNTHETIC_MONTH_END_CONTROL
2024-09-30,BR054,17,7216600.00,SYNTHETIC_MONTH_END_CONTROL
2024-09-30,BR055,14,6152700.00,SYNTHETIC_MONTH_END_CONTROL
2024-09-30,BR056,18,8822900.00,SYNTHETIC_MONTH_END_CONTROL
2024-09-30,BR057,21,9627000.00,SYNTHETIC_MONTH_END_CONTROL
2024-09-30,BR058,17,8845200.00,SYNTHETIC_MONTH_END_CONTROL
2024-09-30,BR059,13,5972200.00,SYNTHETIC_MONTH_END_CONTROL
2024-09-30,BR060,16,8298200.00,SYNTHETIC_MONTH_END_CONTROL
2024-10-31,BR001,22,10985500.00,SYNTHETIC_MONTH_END_CONTROL
2024-10-31,BR002,18,7984900.00,SYNTHETIC_MONTH_END_CONTROL
2024-10-31,BR003,19,9689300.00,SYNTHETIC_MONTH_END_CONTROL
2024-10-31,BR004,19,8678100.00,SYNTHETIC_MONTH_END_CONTROL
2024-10-31,BR005,21,9733600.00,SYNTHETIC_MONTH_END_CONTROL
2024-10-31,BR006,23,11557800.00,SYNTHETIC_MONTH_END_CONTROL
2024-10-31,BR007,17,8374800.00,SYNTHETIC_MONTH_END_CONTROL
2024-10-31,BR008,18,9264300.00,SYNTHETIC_MONTH_END_CONTROL
2024-10-31,BR009,14,6906100.00,SYNTHETIC_MONTH_END_CONTROL
2024-10-31,BR010,13,6408100.00,SYNTHETIC_MONTH_END_CONTROL
2024-10-31,BR011,18,8271600.00,SYNTHETIC_MONTH_END_CONTROL
2024-10-31,BR012,9,3138400.00,SYNTHETIC_MONTH_END_CONTROL
2024-10-31,BR013,12,5653300.00,SYNTHETIC_MONTH_END_CONTROL
2024-10-31,BR014,17,8292200.00,SYNTHETIC_MONTH_END_CONTROL
2024-10-31,BR015,27,12069700.00,SYNTHETIC_MONTH_END_CONTROL
2024-10-31,BR016,18,8835900.00,SYNTHETIC_MONTH_END_CONTROL
2024-10-31,BR017,13,5239500.00,SYNTHETIC_MONTH_END_CONTROL
2024-10-31,BR018,21,11113200.00,SYNTHETIC_MONTH_END_CONTROL
2024-10-31,BR019,18,7924700.00,SYNTHETIC_MONTH_END_CONTROL
2024-10-31,BR020,13,6118600.00,SYNTHETIC_MONTH_END_CONTROL
2024-10-31,BR021,18,7557600.00,SYNTHETIC_MONTH_END_CONTROL
2024-10-31,BR022,15,6270400.00,SYNTHETIC_MONTH_END_CONTROL
2024-10-31,BR023,23,9793400.00,SYNTHETIC_MONTH_END_CONTROL
2024-10-31,BR024,26,11264900.00,SYNTHETIC_MONTH_END_CONTROL
2024-10-31,BR025,7,2384800.00,SYNTHETIC_MONTH_END_CONTROL
2024-10-31,BR026,27,12118500.00,SYNTHETIC_MONTH_END_CONTROL
2024-10-31,BR027,21,9768500.00,SYNTHETIC_MONTH_END_CONTROL
2024-10-31,BR028,17,6666100.00,SYNTHETIC_MONTH_END_CONTROL
2024-10-31,BR029,22,9635300.00,SYNTHETIC_MONTH_END_CONTROL
2024-10-31,BR030,14,6943600.00,SYNTHETIC_MONTH_END_CONTROL
2024-10-31,BR031,17,8067400.00,SYNTHETIC_MONTH_END_CONTROL
2024-10-31,BR032,20,10072100.00,SYNTHETIC_MONTH_END_CONTROL
2024-10-31,BR033,13,5585600.00,SYNTHETIC_MONTH_END_CONTROL
2024-10-31,BR034,16,7704700.00,SYNTHETIC_MONTH_END_CONTROL
2024-10-31,BR035,16,6952300.00,SYNTHETIC_MONTH_END_CONTROL
2024-10-31,BR036,15,6335900.00,SYNTHETIC_MONTH_END_CONTROL
2024-10-31,BR037,9,4076400.00,SYNTHETIC_MONTH_END_CONTROL
2024-10-31,BR038,10,5307800.00,SYNTHETIC_MONTH_END_CONTROL
2024-10-31,BR039,16,5993200.00,SYNTHETIC_MONTH_END_CONTROL
2024-10-31,BR040,14,6960400.00,SYNTHETIC_MONTH_END_CONTROL
2024-10-31,BR041,21,9293200.00,SYNTHETIC_MONTH_END_CONTROL
2024-10-31,BR042,13,5942800.00,SYNTHETIC_MONTH_END_CONTROL
2024-10-31,BR043,16,7231900.00,SYNTHETIC_MONTH_END_CONTROL
2024-10-31,BR044,13,4787000.00,SYNTHETIC_MONTH_END_CONTROL
2024-10-31,BR045,24,11468500.00,SYNTHETIC_MONTH_END_CONTROL
2024-10-31,BR046,15,7918100.00,SYNTHETIC_MONTH_END_CONTROL
2024-10-31,BR047,15,6901300.00,SYNTHETIC_MONTH_END_CONTROL
2024-10-31,BR048,12,6098700.00,SYNTHETIC_MONTH_END_CONTROL
2024-10-31,BR049,17,7835000.00,SYNTHETIC_MONTH_END_CONTROL
2024-10-31,BR050,27,12350000.00,SYNTHETIC_MONTH_END_CONTROL
2024-10-31,BR051,25,12396600.00,SYNTHETIC_MONTH_END_CONTROL
2024-10-31,BR052,19,7664900.00,SYNTHETIC_MONTH_END_CONTROL
2024-10-31,BR053,14,6482500.00,SYNTHETIC_MONTH_END_CONTROL
2024-10-31,BR054,24,12231700.00,SYNTHETIC_MONTH_END_CONTROL
2024-10-31,BR055,17,8146300.00,SYNTHETIC_MONTH_END_CONTROL
2024-10-31,BR056,15,5835900.00,SYNTHETIC_MONTH_END_CONTROL
2024-10-31,BR057,16,8360300.00,SYNTHETIC_MONTH_END_CONTROL
2024-10-31,BR058,16,6547500.00,SYNTHETIC_MONTH_END_CONTROL
2024-10-31,BR059,18,8747900.00,SYNTHETIC_MONTH_END_CONTROL
2024-10-31,BR060,19,7857400.00,SYNTHETIC_MONTH_END_CONTROL
2024-11-30,BR001,18,7680100.00,SYNTHETIC_MONTH_END_CONTROL
2024-11-30,BR002,16,8559500.00,SYNTHETIC_MONTH_END_CONTROL
2024-11-30,BR003,19,8137900.00,SYNTHETIC_MONTH_END_CONTROL
2024-11-30,BR004,19,8918400.00,SYNTHETIC_MONTH_END_CONTROL
2024-11-30,BR005,17,10010300.00,SYNTHETIC_MONTH_END_CONTROL
2024-11-30,BR006,17,6891100.00,SYNTHETIC_MONTH_END_CONTROL
2024-11-30,BR007,17,8823500.00,SYNTHETIC_MONTH_END_CONTROL
2024-11-30,BR008,24,13222100.00,SYNTHETIC_MONTH_END_CONTROL
2024-11-30,BR009,12,5052700.00,SYNTHETIC_MONTH_END_CONTROL
2024-11-30,BR010,15,6757500.00,SYNTHETIC_MONTH_END_CONTROL
2024-11-30,BR011,13,5803500.00,SYNTHETIC_MONTH_END_CONTROL
2024-11-30,BR012,15,7507100.00,SYNTHETIC_MONTH_END_CONTROL
2024-11-30,BR013,11,4088400.00,SYNTHETIC_MONTH_END_CONTROL
2024-11-30,BR014,16,8006300.00,SYNTHETIC_MONTH_END_CONTROL
2024-11-30,BR015,23,9904100.00,SYNTHETIC_MONTH_END_CONTROL
2024-11-30,BR016,17,6580500.00,SYNTHETIC_MONTH_END_CONTROL
2024-11-30,BR017,19,9850500.00,SYNTHETIC_MONTH_END_CONTROL
2024-11-30,BR018,20,10380500.00,SYNTHETIC_MONTH_END_CONTROL
2024-11-30,BR019,13,5589200.00,SYNTHETIC_MONTH_END_CONTROL
2024-11-30,BR020,15,8301300.00,SYNTHETIC_MONTH_END_CONTROL
2024-11-30,BR021,12,5767600.00,SYNTHETIC_MONTH_END_CONTROL
2024-11-30,BR022,20,8843900.00,SYNTHETIC_MONTH_END_CONTROL
2024-11-30,BR023,11,4589300.00,SYNTHETIC_MONTH_END_CONTROL
2024-11-30,BR024,21,8892900.00,SYNTHETIC_MONTH_END_CONTROL
2024-11-30,BR025,18,6752500.00,SYNTHETIC_MONTH_END_CONTROL
2024-11-30,BR026,16,7303200.00,SYNTHETIC_MONTH_END_CONTROL
2024-11-30,BR027,16,6840100.00,SYNTHETIC_MONTH_END_CONTROL
2024-11-30,BR028,17,8102500.00,SYNTHETIC_MONTH_END_CONTROL
2024-11-30,BR029,14,7607500.00,SYNTHETIC_MONTH_END_CONTROL
2024-11-30,BR030,22,11032000.00,SYNTHETIC_MONTH_END_CONTROL
2024-11-30,BR031,18,9291000.00,SYNTHETIC_MONTH_END_CONTROL
2024-11-30,BR032,13,6611900.00,SYNTHETIC_MONTH_END_CONTROL
2024-11-30,BR033,17,7868600.00,SYNTHETIC_MONTH_END_CONTROL
2024-11-30,BR034,17,6815800.00,SYNTHETIC_MONTH_END_CONTROL
2024-11-30,BR035,10,3743300.00,SYNTHETIC_MONTH_END_CONTROL
2024-11-30,BR036,13,5804400.00,SYNTHETIC_MONTH_END_CONTROL
2024-11-30,BR037,17,7203200.00,SYNTHETIC_MONTH_END_CONTROL
2024-11-30,BR038,11,4798900.00,SYNTHETIC_MONTH_END_CONTROL
2024-11-30,BR039,18,8579200.00,SYNTHETIC_MONTH_END_CONTROL
2024-11-30,BR040,23,9504200.00,SYNTHETIC_MONTH_END_CONTROL
2024-11-30,BR041,18,6833100.00,SYNTHETIC_MONTH_END_CONTROL
2024-11-30,BR042,18,7291300.00,SYNTHETIC_MONTH_END_CONTROL
2024-11-30,BR043,20,10019300.00,SYNTHETIC_MONTH_END_CONTROL
2024-11-30,BR044,21,10183600.00,SYNTHETIC_MONTH_END_CONTROL
2024-11-30,BR045,23,9910000.00,SYNTHETIC_MONTH_END_CONTROL
2024-11-30,BR046,17,7019000.00,SYNTHETIC_MONTH_END_CONTROL
2024-11-30,BR047,18,8544500.00,SYNTHETIC_MONTH_END_CONTROL
2024-11-30,BR048,16,6273300.00,SYNTHETIC_MONTH_END_CONTROL
2024-11-30,BR049,12,4503600.00,SYNTHETIC_MONTH_END_CONTROL
2024-11-30,BR050,25,11327500.00,SYNTHETIC_MONTH_END_CONTROL
2024-11-30,BR051,27,13237100.00,SYNTHETIC_MONTH_END_CONTROL
2024-11-30,BR052,25,9743400.00,SYNTHETIC_MONTH_END_CONTROL
2024-11-30,BR053,17,8440500.00,SYNTHETIC_MONTH_END_CONTROL
2024-11-30,BR054,21,9150000.00,SYNTHETIC_MONTH_END_CONTROL
2024-11-30,BR055,18,8674200.00,SYNTHETIC_MONTH_END_CONTROL
2024-11-30,BR056,9,3332300.00,SYNTHETIC_MONTH_END_CONTROL
2024-11-30,BR057,27,12650800.00,SYNTHETIC_MONTH_END_CONTROL
2024-11-30,BR058,18,8397800.00,SYNTHETIC_MONTH_END_CONTROL
2024-11-30,BR059,19,9524300.00,SYNTHETIC_MONTH_END_CONTROL
2024-11-30,BR060,13,6834400.00,SYNTHETIC_MONTH_END_CONTROL
2024-12-31,BR001,13,6158900.00,SYNTHETIC_MONTH_END_CONTROL
2024-12-31,BR002,16,9667900.00,SYNTHETIC_MONTH_END_CONTROL
2024-12-31,BR003,22,10907200.00,SYNTHETIC_MONTH_END_CONTROL
2024-12-31,BR004,11,5419000.00,SYNTHETIC_MONTH_END_CONTROL
2024-12-31,BR005,13,5653000.00,SYNTHETIC_MONTH_END_CONTROL
2024-12-31,BR006,15,5681500.00,SYNTHETIC_MONTH_END_CONTROL
2024-12-31,BR007,14,6747600.00,SYNTHETIC_MONTH_END_CONTROL
2024-12-31,BR008,19,8712200.00,SYNTHETIC_MONTH_END_CONTROL
2024-12-31,BR009,17,7655200.00,SYNTHETIC_MONTH_END_CONTROL
2024-12-31,BR010,11,4861800.00,SYNTHETIC_MONTH_END_CONTROL
2024-12-31,BR011,18,7966500.00,SYNTHETIC_MONTH_END_CONTROL
2024-12-31,BR012,22,9302300.00,SYNTHETIC_MONTH_END_CONTROL
2024-12-31,BR013,22,8210600.00,SYNTHETIC_MONTH_END_CONTROL
2024-12-31,BR014,19,8026500.00,SYNTHETIC_MONTH_END_CONTROL
2024-12-31,BR015,17,6975600.00,SYNTHETIC_MONTH_END_CONTROL
2024-12-31,BR016,20,8578500.00,SYNTHETIC_MONTH_END_CONTROL
2024-12-31,BR017,12,4592100.00,SYNTHETIC_MONTH_END_CONTROL
2024-12-31,BR018,22,11365900.00,SYNTHETIC_MONTH_END_CONTROL
2024-12-31,BR019,15,7131600.00,SYNTHETIC_MONTH_END_CONTROL
2024-12-31,BR020,22,10748100.00,SYNTHETIC_MONTH_END_CONTROL
2024-12-31,BR021,13,5401400.00,SYNTHETIC_MONTH_END_CONTROL
2024-12-31,BR022,16,7769000.00,SYNTHETIC_MONTH_END_CONTROL
2024-12-31,BR023,20,10336500.00,SYNTHETIC_MONTH_END_CONTROL
2024-12-31,BR024,17,8346500.00,SYNTHETIC_MONTH_END_CONTROL
2024-12-31,BR025,15,8689000.00,SYNTHETIC_MONTH_END_CONTROL
2024-12-31,BR026,15,6752200.00,SYNTHETIC_MONTH_END_CONTROL
2024-12-31,BR027,17,7893600.00,SYNTHETIC_MONTH_END_CONTROL
2024-12-31,BR028,21,8964300.00,SYNTHETIC_MONTH_END_CONTROL
2024-12-31,BR029,19,8967400.00,SYNTHETIC_MONTH_END_CONTROL
2024-12-31,BR030,22,10462400.00,SYNTHETIC_MONTH_END_CONTROL
2024-12-31,BR031,13,5149500.00,SYNTHETIC_MONTH_END_CONTROL
2024-12-31,BR032,20,9378500.00,SYNTHETIC_MONTH_END_CONTROL
2024-12-31,BR033,17,10484800.00,SYNTHETIC_MONTH_END_CONTROL
2024-12-31,BR034,11,5003100.00,SYNTHETIC_MONTH_END_CONTROL
2024-12-31,BR035,15,6210700.00,SYNTHETIC_MONTH_END_CONTROL
2024-12-31,BR036,17,8435500.00,SYNTHETIC_MONTH_END_CONTROL
2024-12-31,BR037,26,11088500.00,SYNTHETIC_MONTH_END_CONTROL
2024-12-31,BR038,20,7820900.00,SYNTHETIC_MONTH_END_CONTROL
2024-12-31,BR039,17,8325200.00,SYNTHETIC_MONTH_END_CONTROL
2024-12-31,BR040,21,10413100.00,SYNTHETIC_MONTH_END_CONTROL
2024-12-31,BR041,20,8807700.00,SYNTHETIC_MONTH_END_CONTROL
2024-12-31,BR042,17,7384800.00,SYNTHETIC_MONTH_END_CONTROL
2024-12-31,BR043,18,9523400.00,SYNTHETIC_MONTH_END_CONTROL
2024-12-31,BR044,25,11714200.00,SYNTHETIC_MONTH_END_CONTROL
2024-12-31,BR045,15,7408900.00,SYNTHETIC_MONTH_END_CONTROL
2024-12-31,BR046,14,6339800.00,SYNTHETIC_MONTH_END_CONTROL
2024-12-31,BR047,18,8224700.00,SYNTHETIC_MONTH_END_CONTROL
2024-12-31,BR048,16,6655900.00,SYNTHETIC_MONTH_END_CONTROL
2024-12-31,BR049,20,10069400.00,SYNTHETIC_MONTH_END_CONTROL
2024-12-31,BR050,11,5994400.00,SYNTHETIC_MONTH_END_CONTROL
2024-12-31,BR051,21,9633900.00,SYNTHETIC_MONTH_END_CONTROL
2024-12-31,BR052,18,7851000.00,SYNTHETIC_MONTH_END_CONTROL
2024-12-31,BR053,15,7852300.00,SYNTHETIC_MONTH_END_CONTROL
2024-12-31,BR054,16,8205700.00,SYNTHETIC_MONTH_END_CONTROL
2024-12-31,BR055,18,7709800.00,SYNTHETIC_MONTH_END_CONTROL
2024-12-31,BR056,13,6198500.00,SYNTHETIC_MONTH_END_CONTROL
2024-12-31,BR057,25,11051700.00,SYNTHETIC_MONTH_END_CONTROL
2024-12-31,BR058,23,10652400.00,SYNTHETIC_MONTH_END_CONTROL
2024-12-31,BR059,12,6087400.00,SYNTHETIC_MONTH_END_CONTROL
2024-12-31,BR060,15,6952700.00,SYNTHETIC_MONTH_END_CONTROL
2025-01-31,BR001,11,5437100.00,SYNTHETIC_MONTH_END_CONTROL
2025-01-31,BR002,25,10357300.00,SYNTHETIC_MONTH_END_CONTROL
2025-01-31,BR003,21,8473800.00,SYNTHETIC_MONTH_END_CONTROL
2025-01-31,BR004,21,11972900.00,SYNTHETIC_MONTH_END_CONTROL
2025-01-31,BR005,21,11682500.00,SYNTHETIC_MONTH_END_CONTROL
2025-01-31,BR006,15,6830800.00,SYNTHETIC_MONTH_END_CONTROL
2025-01-31,BR007,19,9441700.00,SYNTHETIC_MONTH_END_CONTROL
2025-01-31,BR008,21,8583200.00,SYNTHETIC_MONTH_END_CONTROL
2025-01-31,BR009,17,7652300.00,SYNTHETIC_MONTH_END_CONTROL
2025-01-31,BR010,18,6874800.00,SYNTHETIC_MONTH_END_CONTROL
2025-01-31,BR011,18,8555400.00,SYNTHETIC_MONTH_END_CONTROL
2025-01-31,BR012,10,4688400.00,SYNTHETIC_MONTH_END_CONTROL
2025-01-31,BR013,11,4788500.00,SYNTHETIC_MONTH_END_CONTROL
2025-01-31,BR014,28,13824200.00,SYNTHETIC_MONTH_END_CONTROL
2025-01-31,BR015,19,9055400.00,SYNTHETIC_MONTH_END_CONTROL
2025-01-31,BR016,17,7792100.00,SYNTHETIC_MONTH_END_CONTROL
2025-01-31,BR017,22,9662800.00,SYNTHETIC_MONTH_END_CONTROL
2025-01-31,BR018,18,9752000.00,SYNTHETIC_MONTH_END_CONTROL
2025-01-31,BR019,16,7074100.00,SYNTHETIC_MONTH_END_CONTROL
2025-01-31,BR020,21,11369500.00,SYNTHETIC_MONTH_END_CONTROL
2025-01-31,BR021,13,5810100.00,SYNTHETIC_MONTH_END_CONTROL
2025-01-31,BR022,10,4741800.00,SYNTHETIC_MONTH_END_CONTROL
2025-01-31,BR023,14,5849400.00,SYNTHETIC_MONTH_END_CONTROL
2025-01-31,BR024,21,9458300.00,SYNTHETIC_MONTH_END_CONTROL
2025-01-31,BR025,11,5624400.00,SYNTHETIC_MONTH_END_CONTROL
2025-01-31,BR026,25,13297400.00,SYNTHETIC_MONTH_END_CONTROL
2025-01-31,BR027,14,7993800.00,SYNTHETIC_MONTH_END_CONTROL
2025-01-31,BR028,24,11393200.00,SYNTHETIC_MONTH_END_CONTROL
2025-01-31,BR029,12,6039300.00,SYNTHETIC_MONTH_END_CONTROL
2025-01-31,BR030,18,6924700.00,SYNTHETIC_MONTH_END_CONTROL
2025-01-31,BR031,25,12911400.00,SYNTHETIC_MONTH_END_CONTROL
2025-01-31,BR032,20,9733800.00,SYNTHETIC_MONTH_END_CONTROL
2025-01-31,BR033,9,4649300.00,SYNTHETIC_MONTH_END_CONTROL
2025-01-31,BR034,17,6307900.00,SYNTHETIC_MONTH_END_CONTROL
2025-01-31,BR035,17,6800100.00,SYNTHETIC_MONTH_END_CONTROL
2025-01-31,BR036,16,8787100.00,SYNTHETIC_MONTH_END_CONTROL
2025-01-31,BR037,19,8913000.00,SYNTHETIC_MONTH_END_CONTROL
2025-01-31,BR038,19,7967600.00,SYNTHETIC_MONTH_END_CONTROL
2025-01-31,BR039,20,9207400.00,SYNTHETIC_MONTH_END_CONTROL
2025-01-31,BR040,19,8761800.00,SYNTHETIC_MONTH_END_CONTROL
2025-01-31,BR041,16,6691500.00,SYNTHETIC_MONTH_END_CONTROL
2025-01-31,BR042,18,8710900.00,SYNTHETIC_MONTH_END_CONTROL
2025-01-31,BR043,17,8816600.00,SYNTHETIC_MONTH_END_CONTROL
2025-01-31,BR044,17,7619700.00,SYNTHETIC_MONTH_END_CONTROL
2025-01-31,BR045,15,7033700.00,SYNTHETIC_MONTH_END_CONTROL
2025-01-31,BR046,10,5417100.00,SYNTHETIC_MONTH_END_CONTROL
2025-01-31,BR047,21,8732100.00,SYNTHETIC_MONTH_END_CONTROL
2025-01-31,BR048,27,11947100.00,SYNTHETIC_MONTH_END_CONTROL
2025-01-31,BR049,16,4873200.00,SYNTHETIC_MONTH_END_CONTROL
2025-01-31,BR050,23,9835300.00,SYNTHETIC_MONTH_END_CONTROL
2025-01-31,BR051,15,7076800.00,SYNTHETIC_MONTH_END_CONTROL
2025-01-31,BR052,18,7618400.00,SYNTHETIC_MONTH_END_CONTROL
2025-01-31,BR053,10,4715100.00,SYNTHETIC_MONTH_END_CONTROL
2025-01-31,BR054,16,8495700.00,SYNTHETIC_MONTH_END_CONTROL
2025-01-31,BR055,14,6084800.00,SYNTHETIC_MONTH_END_CONTROL
2025-01-31,BR056,21,10330100.00,SYNTHETIC_MONTH_END_CONTROL
2025-01-31,BR057,12,5539600.00,SYNTHETIC_MONTH_END_CONTROL
2025-01-31,BR058,17,6712700.00,SYNTHETIC_MONTH_END_CONTROL
2025-01-31,BR059,13,7186100.00,SYNTHETIC_MONTH_END_CONTROL
2025-01-31,BR060,14,6576600.00,SYNTHETIC_MONTH_END_CONTROL
2025-02-28,BR001,14,7338600.00,SYNTHETIC_MONTH_END_CONTROL
2025-02-28,BR002,19,8108200.00,SYNTHETIC_MONTH_END_CONTROL
2025-02-28,BR003,16,7266000.00,SYNTHETIC_MONTH_END_CONTROL
2025-02-28,BR004,14,5937100.00,SYNTHETIC_MONTH_END_CONTROL
2025-02-28,BR005,12,6116300.00,SYNTHETIC_MONTH_END_CONTROL
2025-02-28,BR006,9,3947000.00,SYNTHETIC_MONTH_END_CONTROL
2025-02-28,BR007,13,6161500.00,SYNTHETIC_MONTH_END_CONTROL
2025-02-28,BR008,12,6343700.00,SYNTHETIC_MONTH_END_CONTROL
2025-02-28,BR009,22,9030100.00,SYNTHETIC_MONTH_END_CONTROL
2025-02-28,BR010,15,6575400.00,SYNTHETIC_MONTH_END_CONTROL
2025-02-28,BR011,16,8262600.00,SYNTHETIC_MONTH_END_CONTROL
2025-02-28,BR012,15,6801400.00,SYNTHETIC_MONTH_END_CONTROL
2025-02-28,BR013,12,6308700.00,SYNTHETIC_MONTH_END_CONTROL
2025-02-28,BR014,24,11743900.00,SYNTHETIC_MONTH_END_CONTROL
2025-02-28,BR015,22,12115900.00,SYNTHETIC_MONTH_END_CONTROL
2025-02-28,BR016,22,10309600.00,SYNTHETIC_MONTH_END_CONTROL
2025-02-28,BR017,10,5263400.00,SYNTHETIC_MONTH_END_CONTROL
2025-02-28,BR018,23,10562000.00,SYNTHETIC_MONTH_END_CONTROL
2025-02-28,BR019,32,15102400.00,SYNTHETIC_MONTH_END_CONTROL
2025-02-28,BR020,16,7240700.00,SYNTHETIC_MONTH_END_CONTROL
2025-02-28,BR021,20,7975600.00,SYNTHETIC_MONTH_END_CONTROL
2025-02-28,BR022,13,4864100.00,SYNTHETIC_MONTH_END_CONTROL
2025-02-28,BR023,20,8353200.00,SYNTHETIC_MONTH_END_CONTROL
2025-02-28,BR024,23,11232400.00,SYNTHETIC_MONTH_END_CONTROL
2025-02-28,BR025,18,9299000.00,SYNTHETIC_MONTH_END_CONTROL
2025-02-28,BR026,13,4874800.00,SYNTHETIC_MONTH_END_CONTROL
2025-02-28,BR027,22,10293500.00,SYNTHETIC_MONTH_END_CONTROL
2025-02-28,BR028,19,8399700.00,SYNTHETIC_MONTH_END_CONTROL
2025-02-28,BR029,19,8470000.00,SYNTHETIC_MONTH_END_CONTROL
2025-02-28,BR030,19,8632200.00,SYNTHETIC_MONTH_END_CONTROL
2025-02-28,BR031,13,5175300.00,SYNTHETIC_MONTH_END_CONTROL
2025-02-28,BR032,16,7664600.00,SYNTHETIC_MONTH_END_CONTROL
2025-02-28,BR033,23,12049000.00,SYNTHETIC_MONTH_END_CONTROL
2025-02-28,BR034,13,5798200.00,SYNTHETIC_MONTH_END_CONTROL
2025-02-28,BR035,13,6163800.00,SYNTHETIC_MONTH_END_CONTROL
2025-02-28,BR036,18,7513400.00,SYNTHETIC_MONTH_END_CONTROL
2025-02-28,BR037,16,7568200.00,SYNTHETIC_MONTH_END_CONTROL
2025-02-28,BR038,22,9452800.00,SYNTHETIC_MONTH_END_CONTROL
2025-02-28,BR039,20,11219600.00,SYNTHETIC_MONTH_END_CONTROL
2025-02-28,BR040,21,10237100.00,SYNTHETIC_MONTH_END_CONTROL
2025-02-28,BR041,22,9250500.00,SYNTHETIC_MONTH_END_CONTROL
2025-02-28,BR042,16,6062700.00,SYNTHETIC_MONTH_END_CONTROL
2025-02-28,BR043,17,8537100.00,SYNTHETIC_MONTH_END_CONTROL
2025-02-28,BR044,12,6109600.00,SYNTHETIC_MONTH_END_CONTROL
2025-02-28,BR045,13,5687600.00,SYNTHETIC_MONTH_END_CONTROL
2025-02-28,BR046,19,8251900.00,SYNTHETIC_MONTH_END_CONTROL
2025-02-28,BR047,19,8436000.00,SYNTHETIC_MONTH_END_CONTROL
2025-02-28,BR048,17,8139400.00,SYNTHETIC_MONTH_END_CONTROL
2025-02-28,BR049,17,7167900.00,SYNTHETIC_MONTH_END_CONTROL
2025-02-28,BR050,19,9930200.00,SYNTHETIC_MONTH_END_CONTROL
2025-02-28,BR051,16,7750300.00,SYNTHETIC_MONTH_END_CONTROL
2025-02-28,BR052,18,6573600.00,SYNTHETIC_MONTH_END_CONTROL
2025-02-28,BR053,15,5914800.00,SYNTHETIC_MONTH_END_CONTROL
2025-02-28,BR054,12,5545800.00,SYNTHETIC_MONTH_END_CONTROL
2025-02-28,BR055,19,8076500.00,SYNTHETIC_MONTH_END_CONTROL
2025-02-28,BR056,20,9585700.00,SYNTHETIC_MONTH_END_CONTROL
2025-02-28,BR057,19,9522100.00,SYNTHETIC_MONTH_END_CONTROL
2025-02-28,BR058,19,7937700.00,SYNTHETIC_MONTH_END_CONTROL
2025-02-28,BR059,18,8015100.00,SYNTHETIC_MONTH_END_CONTROL
2025-02-28,BR060,16,8685500.00,SYNTHETIC_MONTH_END_CONTROL
2025-03-31,BR001,15,6624400.00,SYNTHETIC_MONTH_END_CONTROL
2025-03-31,BR002,16,7498300.00,SYNTHETIC_MONTH_END_CONTROL
2025-03-31,BR003,18,8177100.00,SYNTHETIC_MONTH_END_CONTROL
2025-03-31,BR004,26,12826100.00,SYNTHETIC_MONTH_END_CONTROL
2025-03-31,BR005,21,12347000.00,SYNTHETIC_MONTH_END_CONTROL
2025-03-31,BR006,10,4463000.00,SYNTHETIC_MONTH_END_CONTROL
2025-03-31,BR007,15,6353300.00,SYNTHETIC_MONTH_END_CONTROL
2025-03-31,BR008,18,9667300.00,SYNTHETIC_MONTH_END_CONTROL
2025-03-31,BR009,15,7185000.00,SYNTHETIC_MONTH_END_CONTROL
2025-03-31,BR010,25,8915200.00,SYNTHETIC_MONTH_END_CONTROL
2025-03-31,BR011,13,5662900.00,SYNTHETIC_MONTH_END_CONTROL
2025-03-31,BR012,20,9396000.00,SYNTHETIC_MONTH_END_CONTROL
2025-03-31,BR013,8,2762400.00,SYNTHETIC_MONTH_END_CONTROL
2025-03-31,BR014,23,9018800.00,SYNTHETIC_MONTH_END_CONTROL
2025-03-31,BR015,17,7890400.00,SYNTHETIC_MONTH_END_CONTROL
2025-03-31,BR016,17,7728500.00,SYNTHETIC_MONTH_END_CONTROL
2025-03-31,BR017,15,7138400.00,SYNTHETIC_MONTH_END_CONTROL
2025-03-31,BR018,22,9364200.00,SYNTHETIC_MONTH_END_CONTROL
2025-03-31,BR019,13,5661500.00,SYNTHETIC_MONTH_END_CONTROL
2025-03-31,BR020,15,7479600.00,SYNTHETIC_MONTH_END_CONTROL
2025-03-31,BR021,18,7120300.00,SYNTHETIC_MONTH_END_CONTROL
2025-03-31,BR022,17,8727800.00,SYNTHETIC_MONTH_END_CONTROL
2025-03-31,BR023,15,5653100.00,SYNTHETIC_MONTH_END_CONTROL
2025-03-31,BR024,22,10003700.00,SYNTHETIC_MONTH_END_CONTROL
2025-03-31,BR025,14,6551600.00,SYNTHETIC_MONTH_END_CONTROL
2025-03-31,BR026,17,8986100.00,SYNTHETIC_MONTH_END_CONTROL
2025-03-31,BR027,19,9289500.00,SYNTHETIC_MONTH_END_CONTROL
2025-03-31,BR028,24,10689100.00,SYNTHETIC_MONTH_END_CONTROL
2025-03-31,BR029,13,6213400.00,SYNTHETIC_MONTH_END_CONTROL
2025-03-31,BR030,18,8206900.00,SYNTHETIC_MONTH_END_CONTROL
2025-03-31,BR031,18,7036500.00,SYNTHETIC_MONTH_END_CONTROL
2025-03-31,BR032,19,8902200.00,SYNTHETIC_MONTH_END_CONTROL
2025-03-31,BR033,15,6874400.00,SYNTHETIC_MONTH_END_CONTROL
2025-03-31,BR034,15,4932000.00,SYNTHETIC_MONTH_END_CONTROL
2025-03-31,BR035,13,5955000.00,SYNTHETIC_MONTH_END_CONTROL
2025-03-31,BR036,21,10230200.00,SYNTHETIC_MONTH_END_CONTROL
2025-03-31,BR037,12,5135500.00,SYNTHETIC_MONTH_END_CONTROL
2025-03-31,BR038,18,8800400.00,SYNTHETIC_MONTH_END_CONTROL
2025-03-31,BR039,17,8161500.00,SYNTHETIC_MONTH_END_CONTROL
2025-03-31,BR040,28,12864200.00,SYNTHETIC_MONTH_END_CONTROL
2025-03-31,BR041,14,6047500.00,SYNTHETIC_MONTH_END_CONTROL
2025-03-31,BR042,23,10297700.00,SYNTHETIC_MONTH_END_CONTROL
2025-03-31,BR043,13,6276800.00,SYNTHETIC_MONTH_END_CONTROL
2025-03-31,BR044,12,5586400.00,SYNTHETIC_MONTH_END_CONTROL
2025-03-31,BR045,22,8416700.00,SYNTHETIC_MONTH_END_CONTROL
2025-03-31,BR046,19,9150900.00,SYNTHETIC_MONTH_END_CONTROL
2025-03-31,BR047,19,9532900.00,SYNTHETIC_MONTH_END_CONTROL
2025-03-31,BR048,18,6813000.00,SYNTHETIC_MONTH_END_CONTROL
2025-03-31,BR049,22,9978700.00,SYNTHETIC_MONTH_END_CONTROL
2025-03-31,BR050,18,9080100.00,SYNTHETIC_MONTH_END_CONTROL
2025-03-31,BR051,14,5502800.00,SYNTHETIC_MONTH_END_CONTROL
2025-03-31,BR052,18,8165300.00,SYNTHETIC_MONTH_END_CONTROL
2025-03-31,BR053,26,12139400.00,SYNTHETIC_MONTH_END_CONTROL
2025-03-31,BR054,17,8019500.00,SYNTHETIC_MONTH_END_CONTROL
2025-03-31,BR055,18,9273300.00,SYNTHETIC_MONTH_END_CONTROL
2025-03-31,BR056,20,10092500.00,SYNTHETIC_MONTH_END_CONTROL
2025-03-31,BR057,10,4978900.00,SYNTHETIC_MONTH_END_CONTROL
2025-03-31,BR058,20,8806800.00,SYNTHETIC_MONTH_END_CONTROL
2025-03-31,BR059,16,7554800.00,SYNTHETIC_MONTH_END_CONTROL
2025-03-31,BR060,8,4704900.00,SYNTHETIC_MONTH_END_CONTROL
2025-04-30,BR001,24,11819800.00,SYNTHETIC_MONTH_END_CONTROL
2025-04-30,BR002,15,8037500.00,SYNTHETIC_MONTH_END_CONTROL
2025-04-30,BR003,22,10779400.00,SYNTHETIC_MONTH_END_CONTROL
2025-04-30,BR004,16,7920700.00,SYNTHETIC_MONTH_END_CONTROL
2025-04-30,BR005,16,5784900.00,SYNTHETIC_MONTH_END_CONTROL
2025-04-30,BR006,21,9176200.00,SYNTHETIC_MONTH_END_CONTROL
2025-04-30,BR007,16,5778400.00,SYNTHETIC_MONTH_END_CONTROL
2025-04-30,BR008,16,8247000.00,SYNTHETIC_MONTH_END_CONTROL
2025-04-30,BR009,20,8019400.00,SYNTHETIC_MONTH_END_CONTROL
2025-04-30,BR010,15,7140700.00,SYNTHETIC_MONTH_END_CONTROL
2025-04-30,BR011,23,11547600.00,SYNTHETIC_MONTH_END_CONTROL
2025-04-30,BR012,18,8397900.00,SYNTHETIC_MONTH_END_CONTROL
2025-04-30,BR013,9,4323300.00,SYNTHETIC_MONTH_END_CONTROL
2025-04-30,BR014,7,3149700.00,SYNTHETIC_MONTH_END_CONTROL
2025-04-30,BR015,19,8105000.00,SYNTHETIC_MONTH_END_CONTROL
2025-04-30,BR016,14,6400800.00,SYNTHETIC_MONTH_END_CONTROL
2025-04-30,BR017,16,7597600.00,SYNTHETIC_MONTH_END_CONTROL
2025-04-30,BR018,10,4639100.00,SYNTHETIC_MONTH_END_CONTROL
2025-04-30,BR019,15,7836900.00,SYNTHETIC_MONTH_END_CONTROL
2025-04-30,BR020,13,5186200.00,SYNTHETIC_MONTH_END_CONTROL
2025-04-30,BR021,11,4634900.00,SYNTHETIC_MONTH_END_CONTROL
2025-04-30,BR022,16,7060300.00,SYNTHETIC_MONTH_END_CONTROL
2025-04-30,BR023,14,6516500.00,SYNTHETIC_MONTH_END_CONTROL
2025-04-30,BR024,13,5437700.00,SYNTHETIC_MONTH_END_CONTROL
2025-04-30,BR025,22,9518700.00,SYNTHETIC_MONTH_END_CONTROL
2025-04-30,BR026,31,12494800.00,SYNTHETIC_MONTH_END_CONTROL
2025-04-30,BR027,19,8281000.00,SYNTHETIC_MONTH_END_CONTROL
2025-04-30,BR028,14,6759500.00,SYNTHETIC_MONTH_END_CONTROL
2025-04-30,BR029,18,6817600.00,SYNTHETIC_MONTH_END_CONTROL
2025-04-30,BR030,20,10901900.00,SYNTHETIC_MONTH_END_CONTROL
2025-04-30,BR031,27,11170400.00,SYNTHETIC_MONTH_END_CONTROL
2025-04-30,BR032,27,13661900.00,SYNTHETIC_MONTH_END_CONTROL
2025-04-30,BR033,15,6390000.00,SYNTHETIC_MONTH_END_CONTROL
2025-04-30,BR034,13,5599800.00,SYNTHETIC_MONTH_END_CONTROL
2025-04-30,BR035,16,7787800.00,SYNTHETIC_MONTH_END_CONTROL
2025-04-30,BR036,15,7026400.00,SYNTHETIC_MONTH_END_CONTROL
2025-04-30,BR037,6,2050000.00,SYNTHETIC_MONTH_END_CONTROL
2025-04-30,BR038,12,5902300.00,SYNTHETIC_MONTH_END_CONTROL
2025-04-30,BR039,18,8407500.00,SYNTHETIC_MONTH_END_CONTROL
2025-04-30,BR040,22,9687600.00,SYNTHETIC_MONTH_END_CONTROL
2025-04-30,BR041,19,9132200.00,SYNTHETIC_MONTH_END_CONTROL
2025-04-30,BR042,23,9785600.00,SYNTHETIC_MONTH_END_CONTROL
2025-04-30,BR043,14,5958600.00,SYNTHETIC_MONTH_END_CONTROL
2025-04-30,BR044,19,9292600.00,SYNTHETIC_MONTH_END_CONTROL
2025-04-30,BR045,13,7264200.00,SYNTHETIC_MONTH_END_CONTROL
2025-04-30,BR046,22,10485500.00,SYNTHETIC_MONTH_END_CONTROL
2025-04-30,BR047,16,7623200.00,SYNTHETIC_MONTH_END_CONTROL
2025-04-30,BR048,14,4403000.00,SYNTHETIC_MONTH_END_CONTROL
2025-04-30,BR049,15,6936400.00,SYNTHETIC_MONTH_END_CONTROL
2025-04-30,BR050,16,8273100.00,SYNTHETIC_MONTH_END_CONTROL
2025-04-30,BR051,17,9049700.00,SYNTHETIC_MONTH_END_CONTROL
2025-04-30,BR052,23,13128200.00,SYNTHETIC_MONTH_END_CONTROL
2025-04-30,BR053,14,6671400.00,SYNTHETIC_MONTH_END_CONTROL
2025-04-30,BR054,18,8541400.00,SYNTHETIC_MONTH_END_CONTROL
2025-04-30,BR055,19,7080800.00,SYNTHETIC_MONTH_END_CONTROL
2025-04-30,BR056,21,7504700.00,SYNTHETIC_MONTH_END_CONTROL
2025-04-30,BR057,19,7439600.00,SYNTHETIC_MONTH_END_CONTROL
2025-04-30,BR058,18,7549000.00,SYNTHETIC_MONTH_END_CONTROL
2025-04-30,BR059,31,14369300.00,SYNTHETIC_MONTH_END_CONTROL
2025-04-30,BR060,17,6739900.00,SYNTHETIC_MONTH_END_CONTROL
2025-05-31,BR001,16,8175800.00,SYNTHETIC_MONTH_END_CONTROL
2025-05-31,BR002,16,8049500.00,SYNTHETIC_MONTH_END_CONTROL
2025-05-31,BR003,17,8686200.00,SYNTHETIC_MONTH_END_CONTROL
2025-05-31,BR004,11,5997600.00,SYNTHETIC_MONTH_END_CONTROL
2025-05-31,BR005,15,7372400.00,SYNTHETIC_MONTH_END_CONTROL
2025-05-31,BR006,17,5857500.00,SYNTHETIC_MONTH_END_CONTROL
2025-05-31,BR007,20,8440200.00,SYNTHETIC_MONTH_END_CONTROL
2025-05-31,BR008,21,10249300.00,SYNTHETIC_MONTH_END_CONTROL
2025-05-31,BR009,18,8131500.00,SYNTHETIC_MONTH_END_CONTROL
2025-05-31,BR010,11,5407300.00,SYNTHETIC_MONTH_END_CONTROL
2025-05-31,BR011,20,7754000.00,SYNTHETIC_MONTH_END_CONTROL
2025-05-31,BR012,14,6506700.00,SYNTHETIC_MONTH_END_CONTROL
2025-05-31,BR013,25,13204200.00,SYNTHETIC_MONTH_END_CONTROL
2025-05-31,BR014,18,10044700.00,SYNTHETIC_MONTH_END_CONTROL
2025-05-31,BR015,22,9524100.00,SYNTHETIC_MONTH_END_CONTROL
2025-05-31,BR016,12,5037600.00,SYNTHETIC_MONTH_END_CONTROL
2025-05-31,BR017,17,7995800.00,SYNTHETIC_MONTH_END_CONTROL
2025-05-31,BR018,17,6916600.00,SYNTHETIC_MONTH_END_CONTROL
2025-05-31,BR019,20,10376800.00,SYNTHETIC_MONTH_END_CONTROL
2025-05-31,BR020,15,6668600.00,SYNTHETIC_MONTH_END_CONTROL
2025-05-31,BR021,27,11935400.00,SYNTHETIC_MONTH_END_CONTROL
2025-05-31,BR022,18,8347600.00,SYNTHETIC_MONTH_END_CONTROL
2025-05-31,BR023,23,12135600.00,SYNTHETIC_MONTH_END_CONTROL
2025-05-31,BR024,23,11142600.00,SYNTHETIC_MONTH_END_CONTROL
2025-05-31,BR025,15,6698500.00,SYNTHETIC_MONTH_END_CONTROL
2025-05-31,BR026,11,5363100.00,SYNTHETIC_MONTH_END_CONTROL
2025-05-31,BR027,29,11814300.00,SYNTHETIC_MONTH_END_CONTROL
2025-05-31,BR028,13,6190700.00,SYNTHETIC_MONTH_END_CONTROL
2025-05-31,BR029,12,6936100.00,SYNTHETIC_MONTH_END_CONTROL
2025-05-31,BR030,25,11064200.00,SYNTHETIC_MONTH_END_CONTROL
2025-05-31,BR031,17,7292200.00,SYNTHETIC_MONTH_END_CONTROL
2025-05-31,BR032,7,3148500.00,SYNTHETIC_MONTH_END_CONTROL
2025-05-31,BR033,17,7329700.00,SYNTHETIC_MONTH_END_CONTROL
2025-05-31,BR034,21,8920600.00,SYNTHETIC_MONTH_END_CONTROL
2025-05-31,BR035,19,10286900.00,SYNTHETIC_MONTH_END_CONTROL
2025-05-31,BR036,17,7066100.00,SYNTHETIC_MONTH_END_CONTROL
2025-05-31,BR037,22,9058700.00,SYNTHETIC_MONTH_END_CONTROL
2025-05-31,BR038,24,11552800.00,SYNTHETIC_MONTH_END_CONTROL
2025-05-31,BR039,14,6126300.00,SYNTHETIC_MONTH_END_CONTROL
2025-05-31,BR040,18,8439200.00,SYNTHETIC_MONTH_END_CONTROL
2025-05-31,BR041,13,7032200.00,SYNTHETIC_MONTH_END_CONTROL
2025-05-31,BR042,22,10433300.00,SYNTHETIC_MONTH_END_CONTROL
2025-05-31,BR043,9,3955100.00,SYNTHETIC_MONTH_END_CONTROL
2025-05-31,BR044,13,5421200.00,SYNTHETIC_MONTH_END_CONTROL
2025-05-31,BR045,18,7942400.00,SYNTHETIC_MONTH_END_CONTROL
2025-05-31,BR046,18,7999900.00,SYNTHETIC_MONTH_END_CONTROL
2025-05-31,BR047,12,5217300.00,SYNTHETIC_MONTH_END_CONTROL
2025-05-31,BR048,17,5784500.00,SYNTHETIC_MONTH_END_CONTROL
2025-05-31,BR049,14,5467000.00,SYNTHETIC_MONTH_END_CONTROL
2025-05-31,BR050,13,4080100.00,SYNTHETIC_MONTH_END_CONTROL
2025-05-31,BR051,18,8349000.00,SYNTHETIC_MONTH_END_CONTROL
2025-05-31,BR052,17,6509800.00,SYNTHETIC_MONTH_END_CONTROL
2025-05-31,BR053,13,5672500.00,SYNTHETIC_MONTH_END_CONTROL
2025-05-31,BR054,26,12769000.00,SYNTHETIC_MONTH_END_CONTROL
2025-05-31,BR055,20,9797000.00,SYNTHETIC_MONTH_END_CONTROL
2025-05-31,BR056,20,9663200.00,SYNTHETIC_MONTH_END_CONTROL
2025-05-31,BR057,18,7937600.00,SYNTHETIC_MONTH_END_CONTROL
2025-05-31,BR058,18,7732500.00,SYNTHETIC_MONTH_END_CONTROL
2025-05-31,BR059,14,6693700.00,SYNTHETIC_MONTH_END_CONTROL
2025-05-31,BR060,15,6301100.00,SYNTHETIC_MONTH_END_CONTROL
2025-06-30,BR001,23,11079500.00,SYNTHETIC_MONTH_END_CONTROL
2025-06-30,BR002,18,9402400.00,SYNTHETIC_MONTH_END_CONTROL
2025-06-30,BR003,15,5528300.00,SYNTHETIC_MONTH_END_CONTROL
2025-06-30,BR004,18,9051700.00,SYNTHETIC_MONTH_END_CONTROL
2025-06-30,BR005,16,6629500.00,SYNTHETIC_MONTH_END_CONTROL
2025-06-30,BR006,19,6707100.00,SYNTHETIC_MONTH_END_CONTROL
2025-06-30,BR007,17,8407600.00,SYNTHETIC_MONTH_END_CONTROL
2025-06-30,BR008,17,7928200.00,SYNTHETIC_MONTH_END_CONTROL
2025-06-30,BR009,14,6521800.00,SYNTHETIC_MONTH_END_CONTROL
2025-06-30,BR010,16,7406300.00,SYNTHETIC_MONTH_END_CONTROL
2025-06-30,BR011,20,9704400.00,SYNTHETIC_MONTH_END_CONTROL
2025-06-30,BR012,19,8457100.00,SYNTHETIC_MONTH_END_CONTROL
2025-06-30,BR013,17,8820700.00,SYNTHETIC_MONTH_END_CONTROL
2025-06-30,BR014,21,9586200.00,SYNTHETIC_MONTH_END_CONTROL
2025-06-30,BR015,16,7264300.00,SYNTHETIC_MONTH_END_CONTROL
2025-06-30,BR016,15,7096900.00,SYNTHETIC_MONTH_END_CONTROL
2025-06-30,BR017,17,7728000.00,SYNTHETIC_MONTH_END_CONTROL
2025-06-30,BR018,21,9189800.00,SYNTHETIC_MONTH_END_CONTROL
2025-06-30,BR019,14,5741600.00,SYNTHETIC_MONTH_END_CONTROL
2025-06-30,BR020,18,7824400.00,SYNTHETIC_MONTH_END_CONTROL
2025-06-30,BR021,20,9857300.00,SYNTHETIC_MONTH_END_CONTROL
2025-06-30,BR022,13,7232400.00,SYNTHETIC_MONTH_END_CONTROL
2025-06-30,BR023,11,4552400.00,SYNTHETIC_MONTH_END_CONTROL
2025-06-30,BR024,14,5498600.00,SYNTHETIC_MONTH_END_CONTROL
2025-06-30,BR025,18,7860700.00,SYNTHETIC_MONTH_END_CONTROL
2025-06-30,BR026,18,8570400.00,SYNTHETIC_MONTH_END_CONTROL
2025-06-30,BR027,19,9924600.00,SYNTHETIC_MONTH_END_CONTROL
2025-06-30,BR028,23,11262700.00,SYNTHETIC_MONTH_END_CONTROL
2025-06-30,BR029,13,6920900.00,SYNTHETIC_MONTH_END_CONTROL
2025-06-30,BR030,11,4665800.00,SYNTHETIC_MONTH_END_CONTROL
2025-06-30,BR031,21,10446900.00,SYNTHETIC_MONTH_END_CONTROL
2025-06-30,BR032,16,7137400.00,SYNTHETIC_MONTH_END_CONTROL
2025-06-30,BR033,13,5930500.00,SYNTHETIC_MONTH_END_CONTROL
2025-06-30,BR034,17,8143400.00,SYNTHETIC_MONTH_END_CONTROL
2025-06-30,BR035,12,5423600.00,SYNTHETIC_MONTH_END_CONTROL
2025-06-30,BR036,17,8764300.00,SYNTHETIC_MONTH_END_CONTROL
2025-06-30,BR037,22,10442700.00,SYNTHETIC_MONTH_END_CONTROL
2025-06-30,BR038,20,10640500.00,SYNTHETIC_MONTH_END_CONTROL
2025-06-30,BR039,19,9639400.00,SYNTHETIC_MONTH_END_CONTROL
2025-06-30,BR040,19,10299800.00,SYNTHETIC_MONTH_END_CONTROL
2025-06-30,BR041,17,9863800.00,SYNTHETIC_MONTH_END_CONTROL
2025-06-30,BR042,10,4889200.00,SYNTHETIC_MONTH_END_CONTROL
2025-06-30,BR043,15,5561500.00,SYNTHETIC_MONTH_END_CONTROL
2025-06-30,BR044,24,10907700.00,SYNTHETIC_MONTH_END_CONTROL
2025-06-30,BR045,20,8482900.00,SYNTHETIC_MONTH_END_CONTROL
2025-06-30,BR046,17,8620300.00,SYNTHETIC_MONTH_END_CONTROL
2025-06-30,BR047,16,6340200.00,SYNTHETIC_MONTH_END_CONTROL
2025-06-30,BR048,16,6353400.00,SYNTHETIC_MONTH_END_CONTROL
2025-06-30,BR049,16,8431300.00,SYNTHETIC_MONTH_END_CONTROL
2025-06-30,BR050,19,8580800.00,SYNTHETIC_MONTH_END_CONTROL
2025-06-30,BR051,10,4278300.00,SYNTHETIC_MONTH_END_CONTROL
2025-06-30,BR052,18,9797600.00,SYNTHETIC_MONTH_END_CONTROL
2025-06-30,BR053,22,10842900.00,SYNTHETIC_MONTH_END_CONTROL
2025-06-30,BR054,17,8786900.00,SYNTHETIC_MONTH_END_CONTROL
2025-06-30,BR055,21,9998900.00,SYNTHETIC_MONTH_END_CONTROL
2025-06-30,BR056,19,9487400.00,SYNTHETIC_MONTH_END_CONTROL
2025-06-30,BR057,24,10325900.00,SYNTHETIC_MONTH_END_CONTROL
2025-06-30,BR058,16,7055500.00,SYNTHETIC_MONTH_END_CONTROL
2025-06-30,BR059,17,9383000.00,SYNTHETIC_MONTH_END_CONTROL
2025-06-30,BR060,21,10187700.00,SYNTHETIC_MONTH_END_CONTROL
2025-07-31,BR001,22,10159900.00,SYNTHETIC_MONTH_END_CONTROL
2025-07-31,BR002,17,7621400.00,SYNTHETIC_MONTH_END_CONTROL
2025-07-31,BR003,28,11353100.00,SYNTHETIC_MONTH_END_CONTROL
2025-07-31,BR004,18,7720100.00,SYNTHETIC_MONTH_END_CONTROL
2025-07-31,BR005,14,6883400.00,SYNTHETIC_MONTH_END_CONTROL
2025-07-31,BR006,19,7468800.00,SYNTHETIC_MONTH_END_CONTROL
2025-07-31,BR007,19,10365500.00,SYNTHETIC_MONTH_END_CONTROL
2025-07-31,BR008,13,6901300.00,SYNTHETIC_MONTH_END_CONTROL
2025-07-31,BR009,20,10264100.00,SYNTHETIC_MONTH_END_CONTROL
2025-07-31,BR010,17,6833200.00,SYNTHETIC_MONTH_END_CONTROL
2025-07-31,BR011,15,7306500.00,SYNTHETIC_MONTH_END_CONTROL
2025-07-31,BR012,13,6019600.00,SYNTHETIC_MONTH_END_CONTROL
2025-07-31,BR013,16,7142300.00,SYNTHETIC_MONTH_END_CONTROL
2025-07-31,BR014,19,9432600.00,SYNTHETIC_MONTH_END_CONTROL
2025-07-31,BR015,15,6062300.00,SYNTHETIC_MONTH_END_CONTROL
2025-07-31,BR016,24,11160700.00,SYNTHETIC_MONTH_END_CONTROL
2025-07-31,BR017,20,8698600.00,SYNTHETIC_MONTH_END_CONTROL
2025-07-31,BR018,17,8504700.00,SYNTHETIC_MONTH_END_CONTROL
2025-07-31,BR019,16,7560800.00,SYNTHETIC_MONTH_END_CONTROL
2025-07-31,BR020,17,7713500.00,SYNTHETIC_MONTH_END_CONTROL
2025-07-31,BR021,18,8869400.00,SYNTHETIC_MONTH_END_CONTROL
2025-07-31,BR022,21,10463200.00,SYNTHETIC_MONTH_END_CONTROL
2025-07-31,BR023,10,4524700.00,SYNTHETIC_MONTH_END_CONTROL
2025-07-31,BR024,28,14714800.00,SYNTHETIC_MONTH_END_CONTROL
2025-07-31,BR025,13,6000700.00,SYNTHETIC_MONTH_END_CONTROL
2025-07-31,BR026,18,7530600.00,SYNTHETIC_MONTH_END_CONTROL
2025-07-31,BR027,18,8212100.00,SYNTHETIC_MONTH_END_CONTROL
2025-07-31,BR028,9,5202500.00,SYNTHETIC_MONTH_END_CONTROL
2025-07-31,BR029,15,7856900.00,SYNTHETIC_MONTH_END_CONTROL
2025-07-31,BR030,16,7291000.00,SYNTHETIC_MONTH_END_CONTROL
2025-07-31,BR031,19,8881100.00,SYNTHETIC_MONTH_END_CONTROL
2025-07-31,BR032,19,8740800.00,SYNTHETIC_MONTH_END_CONTROL
2025-07-31,BR033,18,6844400.00,SYNTHETIC_MONTH_END_CONTROL
2025-07-31,BR034,23,11241800.00,SYNTHETIC_MONTH_END_CONTROL
2025-07-31,BR035,13,4823800.00,SYNTHETIC_MONTH_END_CONTROL
2025-07-31,BR036,12,4974400.00,SYNTHETIC_MONTH_END_CONTROL
2025-07-31,BR037,20,10004400.00,SYNTHETIC_MONTH_END_CONTROL
2025-07-31,BR038,25,10769000.00,SYNTHETIC_MONTH_END_CONTROL
2025-07-31,BR039,16,7947400.00,SYNTHETIC_MONTH_END_CONTROL
2025-07-31,BR040,12,4850700.00,SYNTHETIC_MONTH_END_CONTROL
2025-07-31,BR041,19,9402500.00,SYNTHETIC_MONTH_END_CONTROL
2025-07-31,BR042,12,5450600.00,SYNTHETIC_MONTH_END_CONTROL
2025-07-31,BR043,14,6176500.00,SYNTHETIC_MONTH_END_CONTROL
2025-07-31,BR044,13,6117800.00,SYNTHETIC_MONTH_END_CONTROL
2025-07-31,BR045,20,8694000.00,SYNTHETIC_MONTH_END_CONTROL
2025-07-31,BR046,14,7077800.00,SYNTHETIC_MONTH_END_CONTROL
2025-07-31,BR047,9,4469700.00,SYNTHETIC_MONTH_END_CONTROL
2025-07-31,BR048,11,5548500.00,SYNTHETIC_MONTH_END_CONTROL
2025-07-31,BR049,21,9401800.00,SYNTHETIC_MONTH_END_CONTROL
2025-07-31,BR050,21,11083200.00,SYNTHETIC_MONTH_END_CONTROL
2025-07-31,BR051,14,5901500.00,SYNTHETIC_MONTH_END_CONTROL
2025-07-31,BR052,18,7202900.00,SYNTHETIC_MONTH_END_CONTROL
2025-07-31,BR053,15,7235800.00,SYNTHETIC_MONTH_END_CONTROL
2025-07-31,BR054,19,7923800.00,SYNTHETIC_MONTH_END_CONTROL
2025-07-31,BR055,25,11704200.00,SYNTHETIC_MONTH_END_CONTROL
2025-07-31,BR056,18,9290900.00,SYNTHETIC_MONTH_END_CONTROL
2025-07-31,BR057,15,5579200.00,SYNTHETIC_MONTH_END_CONTROL
2025-07-31,BR058,28,13002300.00,SYNTHETIC_MONTH_END_CONTROL
2025-07-31,BR059,8,3346000.00,SYNTHETIC_MONTH_END_CONTROL
2025-07-31,BR060,26,10523500.00,SYNTHETIC_MONTH_END_CONTROL
2025-08-31,BR001,16,7590200.00,SYNTHETIC_MONTH_END_CONTROL
2025-08-31,BR002,13,6536600.00,SYNTHETIC_MONTH_END_CONTROL
2025-08-31,BR003,19,8424900.00,SYNTHETIC_MONTH_END_CONTROL
2025-08-31,BR004,14,6550200.00,SYNTHETIC_MONTH_END_CONTROL
2025-08-31,BR005,28,13478000.00,SYNTHETIC_MONTH_END_CONTROL
2025-08-31,BR006,16,7326900.00,SYNTHETIC_MONTH_END_CONTROL
2025-08-31,BR007,14,5845900.00,SYNTHETIC_MONTH_END_CONTROL
2025-08-31,BR008,22,10344200.00,SYNTHETIC_MONTH_END_CONTROL
2025-08-31,BR009,17,8292600.00,SYNTHETIC_MONTH_END_CONTROL
2025-08-31,BR010,20,7995900.00,SYNTHETIC_MONTH_END_CONTROL
2025-08-31,BR011,18,7792000.00,SYNTHETIC_MONTH_END_CONTROL
2025-08-31,BR012,14,7385900.00,SYNTHETIC_MONTH_END_CONTROL
2025-08-31,BR013,15,7923700.00,SYNTHETIC_MONTH_END_CONTROL
2025-08-31,BR014,18,7214800.00,SYNTHETIC_MONTH_END_CONTROL
2025-08-31,BR015,23,9547800.00,SYNTHETIC_MONTH_END_CONTROL
2025-08-31,BR016,14,5683900.00,SYNTHETIC_MONTH_END_CONTROL
2025-08-31,BR017,18,8220400.00,SYNTHETIC_MONTH_END_CONTROL
2025-08-31,BR018,16,7730800.00,SYNTHETIC_MONTH_END_CONTROL
2025-08-31,BR019,13,6095100.00,SYNTHETIC_MONTH_END_CONTROL
2025-08-31,BR020,11,3863100.00,SYNTHETIC_MONTH_END_CONTROL
2025-08-31,BR021,11,4499200.00,SYNTHETIC_MONTH_END_CONTROL
2025-08-31,BR022,18,8004100.00,SYNTHETIC_MONTH_END_CONTROL
2025-08-31,BR023,17,8284500.00,SYNTHETIC_MONTH_END_CONTROL
2025-08-31,BR024,23,11306800.00,SYNTHETIC_MONTH_END_CONTROL
2025-08-31,BR025,21,8651500.00,SYNTHETIC_MONTH_END_CONTROL
2025-08-31,BR026,19,8568600.00,SYNTHETIC_MONTH_END_CONTROL
2025-08-31,BR027,27,11740000.00,SYNTHETIC_MONTH_END_CONTROL
2025-08-31,BR028,12,4737300.00,SYNTHETIC_MONTH_END_CONTROL
2025-08-31,BR029,20,10215400.00,SYNTHETIC_MONTH_END_CONTROL
2025-08-31,BR030,16,6746400.00,SYNTHETIC_MONTH_END_CONTROL
2025-08-31,BR031,19,8640700.00,SYNTHETIC_MONTH_END_CONTROL
2025-08-31,BR032,16,7563200.00,SYNTHETIC_MONTH_END_CONTROL
2025-08-31,BR033,15,6911900.00,SYNTHETIC_MONTH_END_CONTROL
2025-08-31,BR034,16,7345300.00,SYNTHETIC_MONTH_END_CONTROL
2025-08-31,BR035,19,8574100.00,SYNTHETIC_MONTH_END_CONTROL
2025-08-31,BR036,8,2942200.00,SYNTHETIC_MONTH_END_CONTROL
2025-08-31,BR037,19,9901900.00,SYNTHETIC_MONTH_END_CONTROL
2025-08-31,BR038,14,6786500.00,SYNTHETIC_MONTH_END_CONTROL
2025-08-31,BR039,15,6710300.00,SYNTHETIC_MONTH_END_CONTROL
2025-08-31,BR040,14,6911700.00,SYNTHETIC_MONTH_END_CONTROL
2025-08-31,BR041,13,6890600.00,SYNTHETIC_MONTH_END_CONTROL
2025-08-31,BR042,15,6617300.00,SYNTHETIC_MONTH_END_CONTROL
2025-08-31,BR043,26,10925900.00,SYNTHETIC_MONTH_END_CONTROL
2025-08-31,BR044,15,6603300.00,SYNTHETIC_MONTH_END_CONTROL
2025-08-31,BR045,23,9646200.00,SYNTHETIC_MONTH_END_CONTROL
2025-08-31,BR046,23,9957300.00,SYNTHETIC_MONTH_END_CONTROL
2025-08-31,BR047,13,5632000.00,SYNTHETIC_MONTH_END_CONTROL
2025-08-31,BR048,14,6517900.00,SYNTHETIC_MONTH_END_CONTROL
2025-08-31,BR049,26,12480500.00,SYNTHETIC_MONTH_END_CONTROL
2025-08-31,BR050,14,6256400.00,SYNTHETIC_MONTH_END_CONTROL
2025-08-31,BR051,29,14478600.00,SYNTHETIC_MONTH_END_CONTROL
2025-08-31,BR052,16,5969900.00,SYNTHETIC_MONTH_END_CONTROL
2025-08-31,BR053,13,4898300.00,SYNTHETIC_MONTH_END_CONTROL
2025-08-31,BR054,15,6920100.00,SYNTHETIC_MONTH_END_CONTROL
2025-08-31,BR055,17,7085700.00,SYNTHETIC_MONTH_END_CONTROL
2025-08-31,BR056,13,6647900.00,SYNTHETIC_MONTH_END_CONTROL
2025-08-31,BR057,17,7588400.00,SYNTHETIC_MONTH_END_CONTROL
2025-08-31,BR058,23,9172300.00,SYNTHETIC_MONTH_END_CONTROL
2025-08-31,BR059,13,5945900.00,SYNTHETIC_MONTH_END_CONTROL
2025-08-31,BR060,26,12297200.00,SYNTHETIC_MONTH_END_CONTROL
2025-09-30,BR001,19,8706700.00,SYNTHETIC_MONTH_END_CONTROL
2025-09-30,BR002,11,4898600.00,SYNTHETIC_MONTH_END_CONTROL
2025-09-30,BR003,13,6251600.00,SYNTHETIC_MONTH_END_CONTROL
2025-09-30,BR004,15,8030000.00,SYNTHETIC_MONTH_END_CONTROL
2025-09-30,BR005,16,6510100.00,SYNTHETIC_MONTH_END_CONTROL
2025-09-30,BR006,15,7551000.00,SYNTHETIC_MONTH_END_CONTROL
2025-09-30,BR007,23,10486200.00,SYNTHETIC_MONTH_END_CONTROL
2025-09-30,BR008,12,5812700.00,SYNTHETIC_MONTH_END_CONTROL
2025-09-30,BR009,13,6382800.00,SYNTHETIC_MONTH_END_CONTROL
2025-09-30,BR010,14,5800600.00,SYNTHETIC_MONTH_END_CONTROL
2025-09-30,BR011,15,6047400.00,SYNTHETIC_MONTH_END_CONTROL
2025-09-30,BR012,19,9830400.00,SYNTHETIC_MONTH_END_CONTROL
2025-09-30,BR013,19,9374600.00,SYNTHETIC_MONTH_END_CONTROL
2025-09-30,BR014,17,8005000.00,SYNTHETIC_MONTH_END_CONTROL
2025-09-30,BR015,12,4949100.00,SYNTHETIC_MONTH_END_CONTROL
2025-09-30,BR016,15,8333800.00,SYNTHETIC_MONTH_END_CONTROL
2025-09-30,BR017,15,6138100.00,SYNTHETIC_MONTH_END_CONTROL
2025-09-30,BR018,19,9285900.00,SYNTHETIC_MONTH_END_CONTROL
2025-09-30,BR019,18,8836600.00,SYNTHETIC_MONTH_END_CONTROL
2025-09-30,BR020,14,5565700.00,SYNTHETIC_MONTH_END_CONTROL
2025-09-30,BR021,25,10627600.00,SYNTHETIC_MONTH_END_CONTROL
2025-09-30,BR022,18,8383800.00,SYNTHETIC_MONTH_END_CONTROL
2025-09-30,BR023,19,8722500.00,SYNTHETIC_MONTH_END_CONTROL
2025-09-30,BR024,19,9886900.00,SYNTHETIC_MONTH_END_CONTROL
2025-09-30,BR025,14,6936800.00,SYNTHETIC_MONTH_END_CONTROL
2025-09-30,BR026,17,6853500.00,SYNTHETIC_MONTH_END_CONTROL
2025-09-30,BR027,19,9093100.00,SYNTHETIC_MONTH_END_CONTROL
2025-09-30,BR028,22,9608000.00,SYNTHETIC_MONTH_END_CONTROL
2025-09-30,BR029,13,5849700.00,SYNTHETIC_MONTH_END_CONTROL
2025-09-30,BR030,21,10275600.00,SYNTHETIC_MONTH_END_CONTROL
2025-09-30,BR031,15,7554100.00,SYNTHETIC_MONTH_END_CONTROL
2025-09-30,BR032,19,9784800.00,SYNTHETIC_MONTH_END_CONTROL
2025-09-30,BR033,16,7108400.00,SYNTHETIC_MONTH_END_CONTROL
2025-09-30,BR034,24,10809900.00,SYNTHETIC_MONTH_END_CONTROL
2025-09-30,BR035,14,6266300.00,SYNTHETIC_MONTH_END_CONTROL
2025-09-30,BR036,22,10171000.00,SYNTHETIC_MONTH_END_CONTROL
2025-09-30,BR037,22,10248900.00,SYNTHETIC_MONTH_END_CONTROL
2025-09-30,BR038,21,10299300.00,SYNTHETIC_MONTH_END_CONTROL
2025-09-30,BR039,15,5375800.00,SYNTHETIC_MONTH_END_CONTROL
2025-09-30,BR040,24,11088000.00,SYNTHETIC_MONTH_END_CONTROL
2025-09-30,BR041,19,8680700.00,SYNTHETIC_MONTH_END_CONTROL
2025-09-30,BR042,13,5075900.00,SYNTHETIC_MONTH_END_CONTROL
2025-09-30,BR043,19,8983200.00,SYNTHETIC_MONTH_END_CONTROL
2025-09-30,BR044,10,3238400.00,SYNTHETIC_MONTH_END_CONTROL
2025-09-30,BR045,15,6510100.00,SYNTHETIC_MONTH_END_CONTROL
2025-09-30,BR046,19,8471500.00,SYNTHETIC_MONTH_END_CONTROL
2025-09-30,BR047,17,9106700.00,SYNTHETIC_MONTH_END_CONTROL
2025-09-30,BR048,15,6344100.00,SYNTHETIC_MONTH_END_CONTROL
2025-09-30,BR049,21,11230100.00,SYNTHETIC_MONTH_END_CONTROL
2025-09-30,BR050,23,10235900.00,SYNTHETIC_MONTH_END_CONTROL
2025-09-30,BR051,19,7445700.00,SYNTHETIC_MONTH_END_CONTROL
2025-09-30,BR052,20,8795900.00,SYNTHETIC_MONTH_END_CONTROL
2025-09-30,BR053,20,9089100.00,SYNTHETIC_MONTH_END_CONTROL
2025-09-30,BR054,20,8800600.00,SYNTHETIC_MONTH_END_CONTROL
2025-09-30,BR055,24,8788300.00,SYNTHETIC_MONTH_END_CONTROL
2025-09-30,BR056,12,5013000.00,SYNTHETIC_MONTH_END_CONTROL
2025-09-30,BR057,17,7729900.00,SYNTHETIC_MONTH_END_CONTROL
2025-09-30,BR058,14,5021200.00,SYNTHETIC_MONTH_END_CONTROL
2025-09-30,BR059,14,6509700.00,SYNTHETIC_MONTH_END_CONTROL
2025-09-30,BR060,18,7986700.00,SYNTHETIC_MONTH_END_CONTROL
2025-10-31,BR001,14,7020500.00,SYNTHETIC_MONTH_END_CONTROL
2025-10-31,BR002,18,9699100.00,SYNTHETIC_MONTH_END_CONTROL
2025-10-31,BR003,15,7601000.00,SYNTHETIC_MONTH_END_CONTROL
2025-10-31,BR004,16,6858700.00,SYNTHETIC_MONTH_END_CONTROL
2025-10-31,BR005,15,7047100.00,SYNTHETIC_MONTH_END_CONTROL
2025-10-31,BR006,15,6440400.00,SYNTHETIC_MONTH_END_CONTROL
2025-10-31,BR007,21,11186500.00,SYNTHETIC_MONTH_END_CONTROL
2025-10-31,BR008,17,7193500.00,SYNTHETIC_MONTH_END_CONTROL
2025-10-31,BR009,22,10359100.00,SYNTHETIC_MONTH_END_CONTROL
2025-10-31,BR010,24,11442300.00,SYNTHETIC_MONTH_END_CONTROL
2025-10-31,BR011,20,8789100.00,SYNTHETIC_MONTH_END_CONTROL
2025-10-31,BR012,14,5611300.00,SYNTHETIC_MONTH_END_CONTROL
2025-10-31,BR013,22,8772000.00,SYNTHETIC_MONTH_END_CONTROL
2025-10-31,BR014,19,7730600.00,SYNTHETIC_MONTH_END_CONTROL
2025-10-31,BR015,20,8203500.00,SYNTHETIC_MONTH_END_CONTROL
2025-10-31,BR016,14,6301900.00,SYNTHETIC_MONTH_END_CONTROL
2025-10-31,BR017,16,7650000.00,SYNTHETIC_MONTH_END_CONTROL
2025-10-31,BR018,23,12102100.00,SYNTHETIC_MONTH_END_CONTROL
2025-10-31,BR019,11,5837000.00,SYNTHETIC_MONTH_END_CONTROL
2025-10-31,BR020,14,5936800.00,SYNTHETIC_MONTH_END_CONTROL
2025-10-31,BR021,15,6903100.00,SYNTHETIC_MONTH_END_CONTROL
2025-10-31,BR022,27,11925700.00,SYNTHETIC_MONTH_END_CONTROL
2025-10-31,BR023,23,9563200.00,SYNTHETIC_MONTH_END_CONTROL
2025-10-31,BR024,17,8927500.00,SYNTHETIC_MONTH_END_CONTROL
2025-10-31,BR025,15,7561100.00,SYNTHETIC_MONTH_END_CONTROL
2025-10-31,BR026,15,6244300.00,SYNTHETIC_MONTH_END_CONTROL
2025-10-31,BR027,16,7087900.00,SYNTHETIC_MONTH_END_CONTROL
2025-10-31,BR028,16,7810700.00,SYNTHETIC_MONTH_END_CONTROL
2025-10-31,BR029,16,7544500.00,SYNTHETIC_MONTH_END_CONTROL
2025-10-31,BR030,19,9243100.00,SYNTHETIC_MONTH_END_CONTROL
2025-10-31,BR031,14,6195700.00,SYNTHETIC_MONTH_END_CONTROL
2025-10-31,BR032,11,4149600.00,SYNTHETIC_MONTH_END_CONTROL
2025-10-31,BR033,12,6870900.00,SYNTHETIC_MONTH_END_CONTROL
2025-10-31,BR034,16,7320300.00,SYNTHETIC_MONTH_END_CONTROL
2025-10-31,BR035,23,8494300.00,SYNTHETIC_MONTH_END_CONTROL
2025-10-31,BR036,15,6617600.00,SYNTHETIC_MONTH_END_CONTROL
2025-10-31,BR037,23,10652700.00,SYNTHETIC_MONTH_END_CONTROL
2025-10-31,BR038,20,8432200.00,SYNTHETIC_MONTH_END_CONTROL
2025-10-31,BR039,17,7126600.00,SYNTHETIC_MONTH_END_CONTROL
2025-10-31,BR040,21,11252300.00,SYNTHETIC_MONTH_END_CONTROL
2025-10-31,BR041,26,11440000.00,SYNTHETIC_MONTH_END_CONTROL
2025-10-31,BR042,16,7838900.00,SYNTHETIC_MONTH_END_CONTROL
2025-10-31,BR043,23,11006200.00,SYNTHETIC_MONTH_END_CONTROL
2025-10-31,BR044,13,6578200.00,SYNTHETIC_MONTH_END_CONTROL
2025-10-31,BR045,17,7226200.00,SYNTHETIC_MONTH_END_CONTROL
2025-10-31,BR046,23,10255500.00,SYNTHETIC_MONTH_END_CONTROL
2025-10-31,BR047,17,8678200.00,SYNTHETIC_MONTH_END_CONTROL
2025-10-31,BR048,17,7738300.00,SYNTHETIC_MONTH_END_CONTROL
2025-10-31,BR049,16,8162100.00,SYNTHETIC_MONTH_END_CONTROL
2025-10-31,BR050,21,9513500.00,SYNTHETIC_MONTH_END_CONTROL
2025-10-31,BR051,18,9214300.00,SYNTHETIC_MONTH_END_CONTROL
2025-10-31,BR052,13,6183300.00,SYNTHETIC_MONTH_END_CONTROL
2025-10-31,BR053,22,10516200.00,SYNTHETIC_MONTH_END_CONTROL
2025-10-31,BR054,15,7788500.00,SYNTHETIC_MONTH_END_CONTROL
2025-10-31,BR055,6,2568100.00,SYNTHETIC_MONTH_END_CONTROL
2025-10-31,BR056,15,7191300.00,SYNTHETIC_MONTH_END_CONTROL
2025-10-31,BR057,16,8057100.00,SYNTHETIC_MONTH_END_CONTROL
2025-10-31,BR058,20,8992200.00,SYNTHETIC_MONTH_END_CONTROL
2025-10-31,BR059,15,6595100.00,SYNTHETIC_MONTH_END_CONTROL
2025-10-31,BR060,12,5052800.00,SYNTHETIC_MONTH_END_CONTROL
2025-11-30,BR001,19,7251300.00,SYNTHETIC_MONTH_END_CONTROL
2025-11-30,BR002,20,9272500.00,SYNTHETIC_MONTH_END_CONTROL
2025-11-30,BR003,21,9613000.00,SYNTHETIC_MONTH_END_CONTROL
2025-11-30,BR004,18,8959200.00,SYNTHETIC_MONTH_END_CONTROL
2025-11-30,BR005,19,8950100.00,SYNTHETIC_MONTH_END_CONTROL
2025-11-30,BR006,19,8025000.00,SYNTHETIC_MONTH_END_CONTROL
2025-11-30,BR007,16,6446800.00,SYNTHETIC_MONTH_END_CONTROL
2025-11-30,BR008,24,11119000.00,SYNTHETIC_MONTH_END_CONTROL
2025-11-30,BR009,15,8214900.00,SYNTHETIC_MONTH_END_CONTROL
2025-11-30,BR010,23,10708100.00,SYNTHETIC_MONTH_END_CONTROL
2025-11-30,BR011,13,6534600.00,SYNTHETIC_MONTH_END_CONTROL
2025-11-30,BR012,15,7450100.00,SYNTHETIC_MONTH_END_CONTROL
2025-11-30,BR013,18,7860900.00,SYNTHETIC_MONTH_END_CONTROL
2025-11-30,BR014,20,9629900.00,SYNTHETIC_MONTH_END_CONTROL
2025-11-30,BR015,20,9496900.00,SYNTHETIC_MONTH_END_CONTROL
2025-11-30,BR016,20,10412500.00,SYNTHETIC_MONTH_END_CONTROL
2025-11-30,BR017,18,8664100.00,SYNTHETIC_MONTH_END_CONTROL
2025-11-30,BR018,11,5143700.00,SYNTHETIC_MONTH_END_CONTROL
2025-11-30,BR019,12,5058900.00,SYNTHETIC_MONTH_END_CONTROL
2025-11-30,BR020,14,4964600.00,SYNTHETIC_MONTH_END_CONTROL
2025-11-30,BR021,13,5675500.00,SYNTHETIC_MONTH_END_CONTROL
2025-11-30,BR022,15,6937600.00,SYNTHETIC_MONTH_END_CONTROL
2025-11-30,BR023,21,9525800.00,SYNTHETIC_MONTH_END_CONTROL
2025-11-30,BR024,14,5666900.00,SYNTHETIC_MONTH_END_CONTROL
2025-11-30,BR025,15,6527900.00,SYNTHETIC_MONTH_END_CONTROL
2025-11-30,BR026,18,7575100.00,SYNTHETIC_MONTH_END_CONTROL
2025-11-30,BR027,12,5312000.00,SYNTHETIC_MONTH_END_CONTROL
2025-11-30,BR028,19,9563700.00,SYNTHETIC_MONTH_END_CONTROL
2025-11-30,BR029,20,9955600.00,SYNTHETIC_MONTH_END_CONTROL
2025-11-30,BR030,15,6410200.00,SYNTHETIC_MONTH_END_CONTROL
2025-11-30,BR031,12,4948700.00,SYNTHETIC_MONTH_END_CONTROL
2025-11-30,BR032,21,8807100.00,SYNTHETIC_MONTH_END_CONTROL
2025-11-30,BR033,12,5196800.00,SYNTHETIC_MONTH_END_CONTROL
2025-11-30,BR034,23,9516400.00,SYNTHETIC_MONTH_END_CONTROL
2025-11-30,BR035,21,10668100.00,SYNTHETIC_MONTH_END_CONTROL
2025-11-30,BR036,16,7745200.00,SYNTHETIC_MONTH_END_CONTROL
2025-11-30,BR037,15,6115500.00,SYNTHETIC_MONTH_END_CONTROL
2025-11-30,BR038,21,8676800.00,SYNTHETIC_MONTH_END_CONTROL
2025-11-30,BR039,11,5241400.00,SYNTHETIC_MONTH_END_CONTROL
2025-11-30,BR040,20,8865600.00,SYNTHETIC_MONTH_END_CONTROL
2025-11-30,BR041,20,10786300.00,SYNTHETIC_MONTH_END_CONTROL
2025-11-30,BR042,23,10590700.00,SYNTHETIC_MONTH_END_CONTROL
2025-11-30,BR043,22,10850500.00,SYNTHETIC_MONTH_END_CONTROL
2025-11-30,BR044,17,6970600.00,SYNTHETIC_MONTH_END_CONTROL
2025-11-30,BR045,10,4385700.00,SYNTHETIC_MONTH_END_CONTROL
2025-11-30,BR046,19,10146500.00,SYNTHETIC_MONTH_END_CONTROL
2025-11-30,BR047,22,9915400.00,SYNTHETIC_MONTH_END_CONTROL
2025-11-30,BR048,16,7114200.00,SYNTHETIC_MONTH_END_CONTROL
2025-11-30,BR049,23,12160700.00,SYNTHETIC_MONTH_END_CONTROL
2025-11-30,BR050,14,5839000.00,SYNTHETIC_MONTH_END_CONTROL
2025-11-30,BR051,20,10428500.00,SYNTHETIC_MONTH_END_CONTROL
2025-11-30,BR052,20,9271700.00,SYNTHETIC_MONTH_END_CONTROL
2025-11-30,BR053,18,7889600.00,SYNTHETIC_MONTH_END_CONTROL
2025-11-30,BR054,9,4395000.00,SYNTHETIC_MONTH_END_CONTROL
2025-11-30,BR055,9,4250100.00,SYNTHETIC_MONTH_END_CONTROL
2025-11-30,BR056,12,4146600.00,SYNTHETIC_MONTH_END_CONTROL
2025-11-30,BR057,17,7467100.00,SYNTHETIC_MONTH_END_CONTROL
2025-11-30,BR058,27,13195500.00,SYNTHETIC_MONTH_END_CONTROL
2025-11-30,BR059,15,6118000.00,SYNTHETIC_MONTH_END_CONTROL
2025-11-30,BR060,20,7931400.00,SYNTHETIC_MONTH_END_CONTROL
2025-12-31,BR001,22,9827100.00,SYNTHETIC_MONTH_END_CONTROL
2025-12-31,BR002,15,8171500.00,SYNTHETIC_MONTH_END_CONTROL
2025-12-31,BR003,15,7239400.00,SYNTHETIC_MONTH_END_CONTROL
2025-12-31,BR004,19,8769600.00,SYNTHETIC_MONTH_END_CONTROL
2025-12-31,BR005,11,5247600.00,SYNTHETIC_MONTH_END_CONTROL
2025-12-31,BR006,21,9825400.00,SYNTHETIC_MONTH_END_CONTROL
2025-12-31,BR007,23,9466700.00,SYNTHETIC_MONTH_END_CONTROL
2025-12-31,BR008,13,6187000.00,SYNTHETIC_MONTH_END_CONTROL
2025-12-31,BR009,21,9933900.00,SYNTHETIC_MONTH_END_CONTROL
2025-12-31,BR010,18,7493400.00,SYNTHETIC_MONTH_END_CONTROL
2025-12-31,BR011,22,10763000.00,SYNTHETIC_MONTH_END_CONTROL
2025-12-31,BR012,20,10027100.00,SYNTHETIC_MONTH_END_CONTROL
2025-12-31,BR013,20,9787500.00,SYNTHETIC_MONTH_END_CONTROL
2025-12-31,BR014,12,4892800.00,SYNTHETIC_MONTH_END_CONTROL
2025-12-31,BR015,15,5845300.00,SYNTHETIC_MONTH_END_CONTROL
2025-12-31,BR016,18,9015900.00,SYNTHETIC_MONTH_END_CONTROL
2025-12-31,BR017,17,7305400.00,SYNTHETIC_MONTH_END_CONTROL
2025-12-31,BR018,10,5842200.00,SYNTHETIC_MONTH_END_CONTROL
2025-12-31,BR019,19,7816100.00,SYNTHETIC_MONTH_END_CONTROL
2025-12-31,BR020,12,5623000.00,SYNTHETIC_MONTH_END_CONTROL
2025-12-31,BR021,15,5252000.00,SYNTHETIC_MONTH_END_CONTROL
2025-12-31,BR022,21,11005200.00,SYNTHETIC_MONTH_END_CONTROL
2025-12-31,BR023,17,7798500.00,SYNTHETIC_MONTH_END_CONTROL
2025-12-31,BR024,16,8745300.00,SYNTHETIC_MONTH_END_CONTROL
2025-12-31,BR025,22,8995400.00,SYNTHETIC_MONTH_END_CONTROL
2025-12-31,BR026,22,10830300.00,SYNTHETIC_MONTH_END_CONTROL
2025-12-31,BR027,21,9708200.00,SYNTHETIC_MONTH_END_CONTROL
2025-12-31,BR028,13,5402900.00,SYNTHETIC_MONTH_END_CONTROL
2025-12-31,BR029,6,2777300.00,SYNTHETIC_MONTH_END_CONTROL
2025-12-31,BR030,12,6582500.00,SYNTHETIC_MONTH_END_CONTROL
2025-12-31,BR031,30,12318200.00,SYNTHETIC_MONTH_END_CONTROL
2025-12-31,BR032,11,4680300.00,SYNTHETIC_MONTH_END_CONTROL
2025-12-31,BR033,15,5866200.00,SYNTHETIC_MONTH_END_CONTROL
2025-12-31,BR034,9,4456900.00,SYNTHETIC_MONTH_END_CONTROL
2025-12-31,BR035,24,10857400.00,SYNTHETIC_MONTH_END_CONTROL
2025-12-31,BR036,20,9067900.00,SYNTHETIC_MONTH_END_CONTROL
2025-12-31,BR037,27,11471900.00,SYNTHETIC_MONTH_END_CONTROL
2025-12-31,BR038,21,8765100.00,SYNTHETIC_MONTH_END_CONTROL
2025-12-31,BR039,20,8565900.00,SYNTHETIC_MONTH_END_CONTROL
2025-12-31,BR040,13,6856900.00,SYNTHETIC_MONTH_END_CONTROL
2025-12-31,BR041,13,6142800.00,SYNTHETIC_MONTH_END_CONTROL
2025-12-31,BR042,13,6510200.00,SYNTHETIC_MONTH_END_CONTROL
2025-12-31,BR043,17,7860200.00,SYNTHETIC_MONTH_END_CONTROL
2025-12-31,BR044,15,5656800.00,SYNTHETIC_MONTH_END_CONTROL
2025-12-31,BR045,16,7063100.00,SYNTHETIC_MONTH_END_CONTROL
2025-12-31,BR046,18,9487000.00,SYNTHETIC_MONTH_END_CONTROL
2025-12-31,BR047,26,14364700.00,SYNTHETIC_MONTH_END_CONTROL
2025-12-31,BR048,16,6987600.00,SYNTHETIC_MONTH_END_CONTROL
2025-12-31,BR049,12,5073500.00,SYNTHETIC_MONTH_END_CONTROL
2025-12-31,BR050,17,8334300.00,SYNTHETIC_MONTH_END_CONTROL
2025-12-31,BR051,19,8952800.00,SYNTHETIC_MONTH_END_CONTROL
2025-12-31,BR052,21,10508000.00,SYNTHETIC_MONTH_END_CONTROL
2025-12-31,BR053,23,10628900.00,SYNTHETIC_MONTH_END_CONTROL
2025-12-31,BR054,15,7393800.00,SYNTHETIC_MONTH_END_CONTROL
2025-12-31,BR055,23,10064700.00,SYNTHETIC_MONTH_END_CONTROL
2025-12-31,BR056,15,7745600.00,SYNTHETIC_MONTH_END_CONTROL
2025-12-31,BR057,12,6212900.00,SYNTHETIC_MONTH_END_CONTROL
2025-12-31,BR058,17,7775100.00,SYNTHETIC_MONTH_END_CONTROL
2025-12-31,BR059,19,8716000.00,SYNTHETIC_MONTH_END_CONTROL
2025-12-31,BR060,16,6828400.00,SYNTHETIC_MONTH_END_CONTROL
2026-01-31,BR001,10,4005900.00,SYNTHETIC_MONTH_END_CONTROL
2026-01-31,BR002,20,9455100.00,SYNTHETIC_MONTH_END_CONTROL
2026-01-31,BR003,11,4747000.00,SYNTHETIC_MONTH_END_CONTROL
2026-01-31,BR004,17,7342400.00,SYNTHETIC_MONTH_END_CONTROL
2026-01-31,BR005,12,6023200.00,SYNTHETIC_MONTH_END_CONTROL
2026-01-31,BR006,17,8175700.00,SYNTHETIC_MONTH_END_CONTROL
2026-01-31,BR007,23,10195300.00,SYNTHETIC_MONTH_END_CONTROL
2026-01-31,BR008,17,7520300.00,SYNTHETIC_MONTH_END_CONTROL
2026-01-31,BR009,20,8909800.00,SYNTHETIC_MONTH_END_CONTROL
2026-01-31,BR010,22,10121300.00,SYNTHETIC_MONTH_END_CONTROL
2026-01-31,BR011,14,6944400.00,SYNTHETIC_MONTH_END_CONTROL
2026-01-31,BR012,24,9824300.00,SYNTHETIC_MONTH_END_CONTROL
2026-01-31,BR013,15,7063500.00,SYNTHETIC_MONTH_END_CONTROL
2026-01-31,BR014,14,5289000.00,SYNTHETIC_MONTH_END_CONTROL
2026-01-31,BR015,25,8833900.00,SYNTHETIC_MONTH_END_CONTROL
2026-01-31,BR016,18,8424700.00,SYNTHETIC_MONTH_END_CONTROL
2026-01-31,BR017,16,8466900.00,SYNTHETIC_MONTH_END_CONTROL
2026-01-31,BR018,26,11886400.00,SYNTHETIC_MONTH_END_CONTROL
2026-01-31,BR019,19,8235800.00,SYNTHETIC_MONTH_END_CONTROL
2026-01-31,BR020,19,8286200.00,SYNTHETIC_MONTH_END_CONTROL
2026-01-31,BR021,13,6070500.00,SYNTHETIC_MONTH_END_CONTROL
2026-01-31,BR022,15,6616600.00,SYNTHETIC_MONTH_END_CONTROL
2026-01-31,BR023,16,7792600.00,SYNTHETIC_MONTH_END_CONTROL
2026-01-31,BR024,14,6583200.00,SYNTHETIC_MONTH_END_CONTROL
2026-01-31,BR025,12,4278700.00,SYNTHETIC_MONTH_END_CONTROL
2026-01-31,BR026,18,8503100.00,SYNTHETIC_MONTH_END_CONTROL
2026-01-31,BR027,18,7718100.00,SYNTHETIC_MONTH_END_CONTROL
2026-01-31,BR028,12,4636200.00,SYNTHETIC_MONTH_END_CONTROL
2026-01-31,BR029,20,8144800.00,SYNTHETIC_MONTH_END_CONTROL
2026-01-31,BR030,19,9048400.00,SYNTHETIC_MONTH_END_CONTROL
2026-01-31,BR031,21,8692100.00,SYNTHETIC_MONTH_END_CONTROL
2026-01-31,BR032,10,4936400.00,SYNTHETIC_MONTH_END_CONTROL
2026-01-31,BR033,25,10092700.00,SYNTHETIC_MONTH_END_CONTROL
2026-01-31,BR034,13,4267300.00,SYNTHETIC_MONTH_END_CONTROL
2026-01-31,BR035,17,7502000.00,SYNTHETIC_MONTH_END_CONTROL
2026-01-31,BR036,15,7126700.00,SYNTHETIC_MONTH_END_CONTROL
2026-01-31,BR037,27,12764300.00,SYNTHETIC_MONTH_END_CONTROL
2026-01-31,BR038,13,5957400.00,SYNTHETIC_MONTH_END_CONTROL
2026-01-31,BR039,14,7261800.00,SYNTHETIC_MONTH_END_CONTROL
2026-01-31,BR040,21,11166200.00,SYNTHETIC_MONTH_END_CONTROL
2026-01-31,BR041,17,8960600.00,SYNTHETIC_MONTH_END_CONTROL
2026-01-31,BR042,21,10779700.00,SYNTHETIC_MONTH_END_CONTROL
2026-01-31,BR043,11,4224100.00,SYNTHETIC_MONTH_END_CONTROL
2026-01-31,BR044,14,6325300.00,SYNTHETIC_MONTH_END_CONTROL
2026-01-31,BR045,24,11327500.00,SYNTHETIC_MONTH_END_CONTROL
2026-01-31,BR046,22,10700700.00,SYNTHETIC_MONTH_END_CONTROL
2026-01-31,BR047,14,6122000.00,SYNTHETIC_MONTH_END_CONTROL
2026-01-31,BR048,23,12121500.00,SYNTHETIC_MONTH_END_CONTROL
2026-01-31,BR049,20,9414100.00,SYNTHETIC_MONTH_END_CONTROL
2026-01-31,BR050,12,5960000.00,SYNTHETIC_MONTH_END_CONTROL
2026-01-31,BR051,12,6234900.00,SYNTHETIC_MONTH_END_CONTROL
2026-01-31,BR052,22,11546100.00,SYNTHETIC_MONTH_END_CONTROL
2026-01-31,BR053,15,7685800.00,SYNTHETIC_MONTH_END_CONTROL
2026-01-31,BR054,15,6668300.00,SYNTHETIC_MONTH_END_CONTROL
2026-01-31,BR055,10,4544500.00,SYNTHETIC_MONTH_END_CONTROL
2026-01-31,BR056,17,7430900.00,SYNTHETIC_MONTH_END_CONTROL
2026-01-31,BR057,15,6224200.00,SYNTHETIC_MONTH_END_CONTROL
2026-01-31,BR058,20,8333800.00,SYNTHETIC_MONTH_END_CONTROL
2026-01-31,BR059,22,9074900.00,SYNTHETIC_MONTH_END_CONTROL
2026-01-31,BR060,23,11599000.00,SYNTHETIC_MONTH_END_CONTROL
2026-02-28,BR001,22,10047000.00,SYNTHETIC_MONTH_END_CONTROL
2026-02-28,BR002,12,6385800.00,SYNTHETIC_MONTH_END_CONTROL
2026-02-28,BR003,20,8662200.00,SYNTHETIC_MONTH_END_CONTROL
2026-02-28,BR004,17,7499200.00,SYNTHETIC_MONTH_END_CONTROL
2026-02-28,BR005,22,9803300.00,SYNTHETIC_MONTH_END_CONTROL
2026-02-28,BR006,21,9966400.00,SYNTHETIC_MONTH_END_CONTROL
2026-02-28,BR007,20,9454300.00,SYNTHETIC_MONTH_END_CONTROL
2026-02-28,BR008,25,11325100.00,SYNTHETIC_MONTH_END_CONTROL
2026-02-28,BR009,17,8600800.00,SYNTHETIC_MONTH_END_CONTROL
2026-02-28,BR010,16,6669600.00,SYNTHETIC_MONTH_END_CONTROL
2026-02-28,BR011,17,7939500.00,SYNTHETIC_MONTH_END_CONTROL
2026-02-28,BR012,9,4321800.00,SYNTHETIC_MONTH_END_CONTROL
2026-02-28,BR013,12,5444200.00,SYNTHETIC_MONTH_END_CONTROL
2026-02-28,BR014,13,5760700.00,SYNTHETIC_MONTH_END_CONTROL
2026-02-28,BR015,22,11035700.00,SYNTHETIC_MONTH_END_CONTROL
2026-02-28,BR016,16,8420700.00,SYNTHETIC_MONTH_END_CONTROL
2026-02-28,BR017,18,9856900.00,SYNTHETIC_MONTH_END_CONTROL
2026-02-28,BR018,16,7096400.00,SYNTHETIC_MONTH_END_CONTROL
2026-02-28,BR019,16,8650000.00,SYNTHETIC_MONTH_END_CONTROL
2026-02-28,BR020,17,9393700.00,SYNTHETIC_MONTH_END_CONTROL
2026-02-28,BR021,23,8602600.00,SYNTHETIC_MONTH_END_CONTROL
2026-02-28,BR022,22,9950700.00,SYNTHETIC_MONTH_END_CONTROL
2026-02-28,BR023,20,8543400.00,SYNTHETIC_MONTH_END_CONTROL
2026-02-28,BR024,24,11742700.00,SYNTHETIC_MONTH_END_CONTROL
2026-02-28,BR025,18,8106100.00,SYNTHETIC_MONTH_END_CONTROL
2026-02-28,BR026,22,10618700.00,SYNTHETIC_MONTH_END_CONTROL
2026-02-28,BR027,12,5405600.00,SYNTHETIC_MONTH_END_CONTROL
2026-02-28,BR028,22,9747500.00,SYNTHETIC_MONTH_END_CONTROL
2026-02-28,BR029,17,6450400.00,SYNTHETIC_MONTH_END_CONTROL
2026-02-28,BR030,13,5888000.00,SYNTHETIC_MONTH_END_CONTROL
2026-02-28,BR031,13,4850500.00,SYNTHETIC_MONTH_END_CONTROL
2026-02-28,BR032,23,11007200.00,SYNTHETIC_MONTH_END_CONTROL
2026-02-28,BR033,14,7353000.00,SYNTHETIC_MONTH_END_CONTROL
2026-02-28,BR034,21,9006800.00,SYNTHETIC_MONTH_END_CONTROL
2026-02-28,BR035,14,7605000.00,SYNTHETIC_MONTH_END_CONTROL
2026-02-28,BR036,13,5438500.00,SYNTHETIC_MONTH_END_CONTROL
2026-02-28,BR037,18,5912800.00,SYNTHETIC_MONTH_END_CONTROL
2026-02-28,BR038,18,7541900.00,SYNTHETIC_MONTH_END_CONTROL
2026-02-28,BR039,9,4060400.00,SYNTHETIC_MONTH_END_CONTROL
2026-02-28,BR040,11,5390900.00,SYNTHETIC_MONTH_END_CONTROL
2026-02-28,BR041,18,8684800.00,SYNTHETIC_MONTH_END_CONTROL
2026-02-28,BR042,13,5816300.00,SYNTHETIC_MONTH_END_CONTROL
2026-02-28,BR043,19,8318900.00,SYNTHETIC_MONTH_END_CONTROL
2026-02-28,BR044,14,5892600.00,SYNTHETIC_MONTH_END_CONTROL
2026-02-28,BR045,15,5094700.00,SYNTHETIC_MONTH_END_CONTROL
2026-02-28,BR046,18,8386300.00,SYNTHETIC_MONTH_END_CONTROL
2026-02-28,BR047,20,8614400.00,SYNTHETIC_MONTH_END_CONTROL
2026-02-28,BR048,25,10953500.00,SYNTHETIC_MONTH_END_CONTROL
2026-02-28,BR049,9,5557100.00,SYNTHETIC_MONTH_END_CONTROL
2026-02-28,BR050,19,8047900.00,SYNTHETIC_MONTH_END_CONTROL
2026-02-28,BR051,20,9946600.00,SYNTHETIC_MONTH_END_CONTROL
2026-02-28,BR052,12,5089200.00,SYNTHETIC_MONTH_END_CONTROL
2026-02-28,BR053,14,5810600.00,SYNTHETIC_MONTH_END_CONTROL
2026-02-28,BR054,20,9122200.00,SYNTHETIC_MONTH_END_CONTROL
2026-02-28,BR055,14,7561900.00,SYNTHETIC_MONTH_END_CONTROL
2026-02-28,BR056,21,10143000.00,SYNTHETIC_MONTH_END_CONTROL
2026-02-28,BR057,23,10166400.00,SYNTHETIC_MONTH_END_CONTROL
2026-02-28,BR058,18,8653700.00,SYNTHETIC_MONTH_END_CONTROL
2026-02-28,BR059,16,6669600.00,SYNTHETIC_MONTH_END_CONTROL
2026-02-28,BR060,18,7626300.00,SYNTHETIC_MONTH_END_CONTROL
2026-03-31,BR001,21,9994500.00,SYNTHETIC_MONTH_END_CONTROL
2026-03-31,BR002,26,12107900.00,SYNTHETIC_MONTH_END_CONTROL
2026-03-31,BR003,10,4974000.00,SYNTHETIC_MONTH_END_CONTROL
2026-03-31,BR004,13,5523400.00,SYNTHETIC_MONTH_END_CONTROL
2026-03-31,BR005,17,8210900.00,SYNTHETIC_MONTH_END_CONTROL
2026-03-31,BR006,10,4270700.00,SYNTHETIC_MONTH_END_CONTROL
2026-03-31,BR007,13,5788200.00,SYNTHETIC_MONTH_END_CONTROL
2026-03-31,BR008,17,7995000.00,SYNTHETIC_MONTH_END_CONTROL
2026-03-31,BR009,27,13000700.00,SYNTHETIC_MONTH_END_CONTROL
2026-03-31,BR010,13,5385100.00,SYNTHETIC_MONTH_END_CONTROL
2026-03-31,BR011,19,8435200.00,SYNTHETIC_MONTH_END_CONTROL
2026-03-31,BR012,19,7861700.00,SYNTHETIC_MONTH_END_CONTROL
2026-03-31,BR013,15,6172800.00,SYNTHETIC_MONTH_END_CONTROL
2026-03-31,BR014,17,8169700.00,SYNTHETIC_MONTH_END_CONTROL
2026-03-31,BR015,17,7525000.00,SYNTHETIC_MONTH_END_CONTROL
2026-03-31,BR016,16,6741800.00,SYNTHETIC_MONTH_END_CONTROL
2026-03-31,BR017,15,7057300.00,SYNTHETIC_MONTH_END_CONTROL
2026-03-31,BR018,15,6763700.00,SYNTHETIC_MONTH_END_CONTROL
2026-03-31,BR019,25,11052200.00,SYNTHETIC_MONTH_END_CONTROL
2026-03-31,BR020,16,7029200.00,SYNTHETIC_MONTH_END_CONTROL
2026-03-31,BR021,19,9758800.00,SYNTHETIC_MONTH_END_CONTROL
2026-03-31,BR022,11,4742800.00,SYNTHETIC_MONTH_END_CONTROL
2026-03-31,BR023,21,10695500.00,SYNTHETIC_MONTH_END_CONTROL
2026-03-31,BR024,21,10264100.00,SYNTHETIC_MONTH_END_CONTROL
2026-03-31,BR025,23,11539700.00,SYNTHETIC_MONTH_END_CONTROL
2026-03-31,BR026,22,10783000.00,SYNTHETIC_MONTH_END_CONTROL
2026-03-31,BR027,21,9143200.00,SYNTHETIC_MONTH_END_CONTROL
2026-03-31,BR028,10,4608100.00,SYNTHETIC_MONTH_END_CONTROL
2026-03-31,BR029,16,7370000.00,SYNTHETIC_MONTH_END_CONTROL
2026-03-31,BR030,21,9002700.00,SYNTHETIC_MONTH_END_CONTROL
2026-03-31,BR031,14,5989900.00,SYNTHETIC_MONTH_END_CONTROL
2026-03-31,BR032,24,11085300.00,SYNTHETIC_MONTH_END_CONTROL
2026-03-31,BR033,16,6339600.00,SYNTHETIC_MONTH_END_CONTROL
2026-03-31,BR034,21,11067200.00,SYNTHETIC_MONTH_END_CONTROL
2026-03-31,BR035,24,10762200.00,SYNTHETIC_MONTH_END_CONTROL
2026-03-31,BR036,19,7543200.00,SYNTHETIC_MONTH_END_CONTROL
2026-03-31,BR037,21,8645100.00,SYNTHETIC_MONTH_END_CONTROL
2026-03-31,BR038,15,7405000.00,SYNTHETIC_MONTH_END_CONTROL
2026-03-31,BR039,18,9940600.00,SYNTHETIC_MONTH_END_CONTROL
2026-03-31,BR040,15,6913000.00,SYNTHETIC_MONTH_END_CONTROL
2026-03-31,BR041,12,5719400.00,SYNTHETIC_MONTH_END_CONTROL
2026-03-31,BR042,20,8028800.00,SYNTHETIC_MONTH_END_CONTROL
2026-03-31,BR043,18,9797800.00,SYNTHETIC_MONTH_END_CONTROL
2026-03-31,BR044,15,6059200.00,SYNTHETIC_MONTH_END_CONTROL
2026-03-31,BR045,13,5158100.00,SYNTHETIC_MONTH_END_CONTROL
2026-03-31,BR046,22,11372700.00,SYNTHETIC_MONTH_END_CONTROL
2026-03-31,BR047,16,5929200.00,SYNTHETIC_MONTH_END_CONTROL
2026-03-31,BR048,12,4646600.00,SYNTHETIC_MONTH_END_CONTROL
2026-03-31,BR049,24,12257100.00,SYNTHETIC_MONTH_END_CONTROL
2026-03-31,BR050,27,10627800.00,SYNTHETIC_MONTH_END_CONTROL
2026-03-31,BR051,16,7644200.00,SYNTHETIC_MONTH_END_CONTROL
2026-03-31,BR052,19,8626600.00,SYNTHETIC_MONTH_END_CONTROL
2026-03-31,BR053,14,5805600.00,SYNTHETIC_MONTH_END_CONTROL
2026-03-31,BR054,19,7922600.00,SYNTHETIC_MONTH_END_CONTROL
2026-03-31,BR055,7,3290000.00,SYNTHETIC_MONTH_END_CONTROL
2026-03-31,BR056,22,8492900.00,SYNTHETIC_MONTH_END_CONTROL
2026-03-31,BR057,13,4935000.00,SYNTHETIC_MONTH_END_CONTROL
2026-03-31,BR058,18,7498400.00,SYNTHETIC_MONTH_END_CONTROL
2026-03-31,BR059,11,3364800.00,SYNTHETIC_MONTH_END_CONTROL
2026-03-31,BR060,10,4503300.00,SYNTHETIC_MONTH_END_CONTROL
2026-04-30,BR001,11,4700600.00,SYNTHETIC_MONTH_END_CONTROL
2026-04-30,BR002,14,6931200.00,SYNTHETIC_MONTH_END_CONTROL
2026-04-30,BR003,17,7811400.00,SYNTHETIC_MONTH_END_CONTROL
2026-04-30,BR004,12,6481100.00,SYNTHETIC_MONTH_END_CONTROL
2026-04-30,BR005,19,8752500.00,SYNTHETIC_MONTH_END_CONTROL
2026-04-30,BR006,23,12274600.00,SYNTHETIC_MONTH_END_CONTROL
2026-04-30,BR007,21,9748800.00,SYNTHETIC_MONTH_END_CONTROL
2026-04-30,BR008,22,9072400.00,SYNTHETIC_MONTH_END_CONTROL
2026-04-30,BR009,12,6533900.00,SYNTHETIC_MONTH_END_CONTROL
2026-04-30,BR010,20,9309100.00,SYNTHETIC_MONTH_END_CONTROL
2026-04-30,BR011,21,8850900.00,SYNTHETIC_MONTH_END_CONTROL
2026-04-30,BR012,17,7422800.00,SYNTHETIC_MONTH_END_CONTROL
2026-04-30,BR013,13,5671800.00,SYNTHETIC_MONTH_END_CONTROL
2026-04-30,BR014,18,7457800.00,SYNTHETIC_MONTH_END_CONTROL
2026-04-30,BR015,15,6896000.00,SYNTHETIC_MONTH_END_CONTROL
2026-04-30,BR016,16,6622800.00,SYNTHETIC_MONTH_END_CONTROL
2026-04-30,BR017,21,9297600.00,SYNTHETIC_MONTH_END_CONTROL
2026-04-30,BR018,14,4996300.00,SYNTHETIC_MONTH_END_CONTROL
2026-04-30,BR019,14,5653600.00,SYNTHETIC_MONTH_END_CONTROL
2026-04-30,BR020,22,10696100.00,SYNTHETIC_MONTH_END_CONTROL
2026-04-30,BR021,12,5485500.00,SYNTHETIC_MONTH_END_CONTROL
2026-04-30,BR022,16,7889900.00,SYNTHETIC_MONTH_END_CONTROL
2026-04-30,BR023,14,6739200.00,SYNTHETIC_MONTH_END_CONTROL
2026-04-30,BR024,16,8140500.00,SYNTHETIC_MONTH_END_CONTROL
2026-04-30,BR025,21,8374600.00,SYNTHETIC_MONTH_END_CONTROL
2026-04-30,BR026,20,9176200.00,SYNTHETIC_MONTH_END_CONTROL
2026-04-30,BR027,18,8507500.00,SYNTHETIC_MONTH_END_CONTROL
2026-04-30,BR028,18,8729900.00,SYNTHETIC_MONTH_END_CONTROL
2026-04-30,BR029,18,8643900.00,SYNTHETIC_MONTH_END_CONTROL
2026-04-30,BR030,12,6376200.00,SYNTHETIC_MONTH_END_CONTROL
2026-04-30,BR031,15,5648200.00,SYNTHETIC_MONTH_END_CONTROL
2026-04-30,BR032,28,13073800.00,SYNTHETIC_MONTH_END_CONTROL
2026-04-30,BR033,22,10309000.00,SYNTHETIC_MONTH_END_CONTROL
2026-04-30,BR034,20,9613900.00,SYNTHETIC_MONTH_END_CONTROL
2026-04-30,BR035,7,3139800.00,SYNTHETIC_MONTH_END_CONTROL
2026-04-30,BR036,33,14228600.00,SYNTHETIC_MONTH_END_CONTROL
2026-04-30,BR037,17,7247300.00,SYNTHETIC_MONTH_END_CONTROL
2026-04-30,BR038,18,8519100.00,SYNTHETIC_MONTH_END_CONTROL
2026-04-30,BR039,14,6933300.00,SYNTHETIC_MONTH_END_CONTROL
2026-04-30,BR040,17,7966300.00,SYNTHETIC_MONTH_END_CONTROL
2026-04-30,BR041,23,10010300.00,SYNTHETIC_MONTH_END_CONTROL
2026-04-30,BR042,21,11262000.00,SYNTHETIC_MONTH_END_CONTROL
2026-04-30,BR043,18,8655300.00,SYNTHETIC_MONTH_END_CONTROL
2026-04-30,BR044,21,9911900.00,SYNTHETIC_MONTH_END_CONTROL
2026-04-30,BR045,18,8555100.00,SYNTHETIC_MONTH_END_CONTROL
2026-04-30,BR046,20,9526300.00,SYNTHETIC_MONTH_END_CONTROL
2026-04-30,BR047,13,6332800.00,SYNTHETIC_MONTH_END_CONTROL
2026-04-30,BR048,15,7193200.00,SYNTHETIC_MONTH_END_CONTROL
2026-04-30,BR049,22,9402700.00,SYNTHETIC_MONTH_END_CONTROL
2026-04-30,BR050,16,7042300.00,SYNTHETIC_MONTH_END_CONTROL
2026-04-30,BR051,18,7878500.00,SYNTHETIC_MONTH_END_CONTROL
2026-04-30,BR052,16,5711000.00,SYNTHETIC_MONTH_END_CONTROL
2026-04-30,BR053,18,8732000.00,SYNTHETIC_MONTH_END_CONTROL
2026-04-30,BR054,10,5019400.00,SYNTHETIC_MONTH_END_CONTROL
2026-04-30,BR055,13,5605300.00,SYNTHETIC_MONTH_END_CONTROL
2026-04-30,BR056,16,7739800.00,SYNTHETIC_MONTH_END_CONTROL
2026-04-30,BR057,17,8086200.00,SYNTHETIC_MONTH_END_CONTROL
2026-04-30,BR058,20,9515400.00,SYNTHETIC_MONTH_END_CONTROL
2026-04-30,BR059,12,5778500.00,SYNTHETIC_MONTH_END_CONTROL
2026-04-30,BR060,16,7353700.00,SYNTHETIC_MONTH_END_CONTROL
2026-05-31,BR001,20,9176000.00,SYNTHETIC_MONTH_END_CONTROL
2026-05-31,BR002,14,5465000.00,SYNTHETIC_MONTH_END_CONTROL
2026-05-31,BR003,17,6889300.00,SYNTHETIC_MONTH_END_CONTROL
2026-05-31,BR004,12,4953200.00,SYNTHETIC_MONTH_END_CONTROL
2026-05-31,BR005,22,11084000.00,SYNTHETIC_MONTH_END_CONTROL
2026-05-31,BR006,16,7127500.00,SYNTHETIC_MONTH_END_CONTROL
2026-05-31,BR007,17,7255100.00,SYNTHETIC_MONTH_END_CONTROL
2026-05-31,BR008,19,8352900.00,SYNTHETIC_MONTH_END_CONTROL
2026-05-31,BR009,18,9261200.00,SYNTHETIC_MONTH_END_CONTROL
2026-05-31,BR010,17,7265500.00,SYNTHETIC_MONTH_END_CONTROL
2026-05-31,BR011,13,5317300.00,SYNTHETIC_MONTH_END_CONTROL
2026-05-31,BR012,14,6510700.00,SYNTHETIC_MONTH_END_CONTROL
2026-05-31,BR013,20,8530100.00,SYNTHETIC_MONTH_END_CONTROL
2026-05-31,BR014,23,10810800.00,SYNTHETIC_MONTH_END_CONTROL
2026-05-31,BR015,22,9490000.00,SYNTHETIC_MONTH_END_CONTROL
2026-05-31,BR016,13,5792700.00,SYNTHETIC_MONTH_END_CONTROL
2026-05-31,BR017,29,13776300.00,SYNTHETIC_MONTH_END_CONTROL
2026-05-31,BR018,18,6701100.00,SYNTHETIC_MONTH_END_CONTROL
2026-05-31,BR019,19,8784000.00,SYNTHETIC_MONTH_END_CONTROL
2026-05-31,BR020,13,5899600.00,SYNTHETIC_MONTH_END_CONTROL
2026-05-31,BR021,20,10087400.00,SYNTHETIC_MONTH_END_CONTROL
2026-05-31,BR022,21,11055000.00,SYNTHETIC_MONTH_END_CONTROL
2026-05-31,BR023,13,5439900.00,SYNTHETIC_MONTH_END_CONTROL
2026-05-31,BR024,17,7579000.00,SYNTHETIC_MONTH_END_CONTROL
2026-05-31,BR025,14,6749400.00,SYNTHETIC_MONTH_END_CONTROL
2026-05-31,BR026,18,8236200.00,SYNTHETIC_MONTH_END_CONTROL
2026-05-31,BR027,16,7178700.00,SYNTHETIC_MONTH_END_CONTROL
2026-05-31,BR028,22,9610800.00,SYNTHETIC_MONTH_END_CONTROL
2026-05-31,BR029,20,9301600.00,SYNTHETIC_MONTH_END_CONTROL
2026-05-31,BR030,14,6648700.00,SYNTHETIC_MONTH_END_CONTROL
2026-05-31,BR031,15,6466800.00,SYNTHETIC_MONTH_END_CONTROL
2026-05-31,BR032,14,6666600.00,SYNTHETIC_MONTH_END_CONTROL
2026-05-31,BR033,18,7696600.00,SYNTHETIC_MONTH_END_CONTROL
2026-05-31,BR034,12,4831900.00,SYNTHETIC_MONTH_END_CONTROL
2026-05-31,BR035,17,9239600.00,SYNTHETIC_MONTH_END_CONTROL
2026-05-31,BR036,19,9121500.00,SYNTHETIC_MONTH_END_CONTROL
2026-05-31,BR037,18,8045000.00,SYNTHETIC_MONTH_END_CONTROL
2026-05-31,BR038,17,6356600.00,SYNTHETIC_MONTH_END_CONTROL
2026-05-31,BR039,14,5658000.00,SYNTHETIC_MONTH_END_CONTROL
2026-05-31,BR040,7,3381000.00,SYNTHETIC_MONTH_END_CONTROL
2026-05-31,BR041,27,10321000.00,SYNTHETIC_MONTH_END_CONTROL
2026-05-31,BR042,12,5479600.00,SYNTHETIC_MONTH_END_CONTROL
2026-05-31,BR043,16,7779800.00,SYNTHETIC_MONTH_END_CONTROL
2026-05-31,BR044,23,10623400.00,SYNTHETIC_MONTH_END_CONTROL
2026-05-31,BR045,23,10465100.00,SYNTHETIC_MONTH_END_CONTROL
2026-05-31,BR046,17,7430100.00,SYNTHETIC_MONTH_END_CONTROL
2026-05-31,BR047,22,10058000.00,SYNTHETIC_MONTH_END_CONTROL
2026-05-31,BR048,20,9135900.00,SYNTHETIC_MONTH_END_CONTROL
2026-05-31,BR049,24,10741900.00,SYNTHETIC_MONTH_END_CONTROL
2026-05-31,BR050,15,5523500.00,SYNTHETIC_MONTH_END_CONTROL
2026-05-31,BR051,21,10505300.00,SYNTHETIC_MONTH_END_CONTROL
2026-05-31,BR052,16,7689500.00,SYNTHETIC_MONTH_END_CONTROL
2026-05-31,BR053,15,6067800.00,SYNTHETIC_MONTH_END_CONTROL
2026-05-31,BR054,12,6767900.00,SYNTHETIC_MONTH_END_CONTROL
2026-05-31,BR055,12,6758300.00,SYNTHETIC_MONTH_END_CONTROL
2026-05-31,BR056,18,7884800.00,SYNTHETIC_MONTH_END_CONTROL
2026-05-31,BR057,18,9068800.00,SYNTHETIC_MONTH_END_CONTROL
2026-05-31,BR058,18,8620700.00,SYNTHETIC_MONTH_END_CONTROL
2026-05-31,BR059,16,6960500.00,SYNTHETIC_MONTH_END_CONTROL
2026-05-31,BR060,14,5223400.00,SYNTHETIC_MONTH_END_CONTROL
2026-06-30,BR001,10,3283800.00,SYNTHETIC_MONTH_END_CONTROL
2026-06-30,BR002,21,10432900.00,SYNTHETIC_MONTH_END_CONTROL
2026-06-30,BR003,16,7610400.00,SYNTHETIC_MONTH_END_CONTROL
2026-06-30,BR004,22,10376100.00,SYNTHETIC_MONTH_END_CONTROL
2026-06-30,BR005,15,7958300.00,SYNTHETIC_MONTH_END_CONTROL
2026-06-30,BR006,18,9385300.00,SYNTHETIC_MONTH_END_CONTROL
2026-06-30,BR007,17,10085200.00,SYNTHETIC_MONTH_END_CONTROL
2026-06-30,BR008,20,7811200.00,SYNTHETIC_MONTH_END_CONTROL
2026-06-30,BR009,18,8465500.00,SYNTHETIC_MONTH_END_CONTROL
2026-06-30,BR010,15,6784900.00,SYNTHETIC_MONTH_END_CONTROL
2026-06-30,BR011,20,9406500.00,SYNTHETIC_MONTH_END_CONTROL
2026-06-30,BR012,13,7406400.00,SYNTHETIC_MONTH_END_CONTROL
2026-06-30,BR013,12,5972500.00,SYNTHETIC_MONTH_END_CONTROL
2026-06-30,BR014,20,9471000.00,SYNTHETIC_MONTH_END_CONTROL
2026-06-30,BR015,16,7244900.00,SYNTHETIC_MONTH_END_CONTROL
2026-06-30,BR016,20,10153900.00,SYNTHETIC_MONTH_END_CONTROL
2026-06-30,BR017,14,5667400.00,SYNTHETIC_MONTH_END_CONTROL
2026-06-30,BR018,18,7902200.00,SYNTHETIC_MONTH_END_CONTROL
2026-06-30,BR019,15,7412500.00,SYNTHETIC_MONTH_END_CONTROL
2026-06-30,BR020,15,6597900.00,SYNTHETIC_MONTH_END_CONTROL
2026-06-30,BR021,15,6628800.00,SYNTHETIC_MONTH_END_CONTROL
2026-06-30,BR022,19,8915000.00,SYNTHETIC_MONTH_END_CONTROL
2026-06-30,BR023,10,5153000.00,SYNTHETIC_MONTH_END_CONTROL
2026-06-30,BR024,20,9396300.00,SYNTHETIC_MONTH_END_CONTROL
2026-06-30,BR025,22,10770600.00,SYNTHETIC_MONTH_END_CONTROL
2026-06-30,BR026,21,10035700.00,SYNTHETIC_MONTH_END_CONTROL
2026-06-30,BR027,15,8043400.00,SYNTHETIC_MONTH_END_CONTROL
2026-06-30,BR028,24,12572400.00,SYNTHETIC_MONTH_END_CONTROL
2026-06-30,BR029,20,8840300.00,SYNTHETIC_MONTH_END_CONTROL
2026-06-30,BR030,27,9568700.00,SYNTHETIC_MONTH_END_CONTROL
2026-06-30,BR031,18,8830500.00,SYNTHETIC_MONTH_END_CONTROL
2026-06-30,BR032,18,7269200.00,SYNTHETIC_MONTH_END_CONTROL
2026-06-30,BR033,17,7670300.00,SYNTHETIC_MONTH_END_CONTROL
2026-06-30,BR034,13,6225200.00,SYNTHETIC_MONTH_END_CONTROL
2026-06-30,BR035,15,6135300.00,SYNTHETIC_MONTH_END_CONTROL
2026-06-30,BR036,17,7153600.00,SYNTHETIC_MONTH_END_CONTROL
2026-06-30,BR037,23,10335500.00,SYNTHETIC_MONTH_END_CONTROL
2026-06-30,BR038,13,4390300.00,SYNTHETIC_MONTH_END_CONTROL
2026-06-30,BR039,26,12334200.00,SYNTHETIC_MONTH_END_CONTROL
2026-06-30,BR040,18,8173000.00,SYNTHETIC_MONTH_END_CONTROL
2026-06-30,BR041,12,5812200.00,SYNTHETIC_MONTH_END_CONTROL
2026-06-30,BR042,15,6806900.00,SYNTHETIC_MONTH_END_CONTROL
2026-06-30,BR043,14,6609100.00,SYNTHETIC_MONTH_END_CONTROL
2026-06-30,BR044,33,15231100.00,SYNTHETIC_MONTH_END_CONTROL
2026-06-30,BR045,25,10674700.00,SYNTHETIC_MONTH_END_CONTROL
2026-06-30,BR046,16,7991400.00,SYNTHETIC_MONTH_END_CONTROL
2026-06-30,BR047,12,5732200.00,SYNTHETIC_MONTH_END_CONTROL
2026-06-30,BR048,13,5451400.00,SYNTHETIC_MONTH_END_CONTROL
2026-06-30,BR049,19,8804800.00,SYNTHETIC_MONTH_END_CONTROL
2026-06-30,BR050,22,10181800.00,SYNTHETIC_MONTH_END_CONTROL
2026-06-30,BR051,19,8887200.00,SYNTHETIC_MONTH_END_CONTROL
2026-06-30,BR052,8,3816800.00,SYNTHETIC_MONTH_END_CONTROL
2026-06-30,BR053,14,7461300.00,SYNTHETIC_MONTH_END_CONTROL
2026-06-30,BR054,24,11038800.00,SYNTHETIC_MONTH_END_CONTROL
2026-06-30,BR055,11,4669400.00,SYNTHETIC_MONTH_END_CONTROL
2026-06-30,BR056,10,5603500.00,SYNTHETIC_MONTH_END_CONTROL
2026-06-30,BR057,16,6201800.00,SYNTHETIC_MONTH_END_CONTROL
2026-06-30,BR058,19,8467000.00,SYNTHETIC_MONTH_END_CONTROL
2026-06-30,BR059,17,7747100.00,SYNTHETIC_MONTH_END_CONTROL
2026-06-30,BR060,16,7778000.00,SYNTHETIC_MONTH_END_CONTROL
2026-07-31,BR001,25,12337800.00,SYNTHETIC_MONTH_END_CONTROL
2026-07-31,BR002,11,4293300.00,SYNTHETIC_MONTH_END_CONTROL
2026-07-31,BR003,19,7677600.00,SYNTHETIC_MONTH_END_CONTROL
2026-07-31,BR004,21,8661600.00,SYNTHETIC_MONTH_END_CONTROL
2026-07-31,BR005,22,9239200.00,SYNTHETIC_MONTH_END_CONTROL
2026-07-31,BR006,13,5575500.00,SYNTHETIC_MONTH_END_CONTROL
2026-07-31,BR007,17,7501300.00,SYNTHETIC_MONTH_END_CONTROL
2026-07-31,BR008,15,5039300.00,SYNTHETIC_MONTH_END_CONTROL
2026-07-31,BR009,21,9515500.00,SYNTHETIC_MONTH_END_CONTROL
2026-07-31,BR010,23,9975000.00,SYNTHETIC_MONTH_END_CONTROL
2026-07-31,BR011,16,6972700.00,SYNTHETIC_MONTH_END_CONTROL
2026-07-31,BR012,23,10920000.00,SYNTHETIC_MONTH_END_CONTROL
2026-07-31,BR013,14,6710100.00,SYNTHETIC_MONTH_END_CONTROL
2026-07-31,BR014,17,8387900.00,SYNTHETIC_MONTH_END_CONTROL
2026-07-31,BR015,15,7208400.00,SYNTHETIC_MONTH_END_CONTROL
2026-07-31,BR016,14,6208300.00,SYNTHETIC_MONTH_END_CONTROL
2026-07-31,BR017,17,8318800.00,SYNTHETIC_MONTH_END_CONTROL
2026-07-31,BR018,21,10775400.00,SYNTHETIC_MONTH_END_CONTROL
2026-07-31,BR019,12,4367300.00,SYNTHETIC_MONTH_END_CONTROL
2026-07-31,BR020,23,11017000.00,SYNTHETIC_MONTH_END_CONTROL
2026-07-31,BR021,17,8191100.00,SYNTHETIC_MONTH_END_CONTROL
2026-07-31,BR022,19,8202000.00,SYNTHETIC_MONTH_END_CONTROL
2026-07-31,BR023,18,9176200.00,SYNTHETIC_MONTH_END_CONTROL
2026-07-31,BR024,20,8494700.00,SYNTHETIC_MONTH_END_CONTROL
2026-07-31,BR025,17,9414800.00,SYNTHETIC_MONTH_END_CONTROL
2026-07-31,BR026,16,8024200.00,SYNTHETIC_MONTH_END_CONTROL
2026-07-31,BR027,13,5903900.00,SYNTHETIC_MONTH_END_CONTROL
2026-07-31,BR028,18,8532000.00,SYNTHETIC_MONTH_END_CONTROL
2026-07-31,BR029,23,11694800.00,SYNTHETIC_MONTH_END_CONTROL
2026-07-31,BR030,15,7605800.00,SYNTHETIC_MONTH_END_CONTROL
2026-07-31,BR031,13,6575700.00,SYNTHETIC_MONTH_END_CONTROL
2026-07-31,BR032,18,8050200.00,SYNTHETIC_MONTH_END_CONTROL
2026-07-31,BR033,18,7998000.00,SYNTHETIC_MONTH_END_CONTROL
2026-07-31,BR034,13,5683400.00,SYNTHETIC_MONTH_END_CONTROL
2026-07-31,BR035,17,7685500.00,SYNTHETIC_MONTH_END_CONTROL
2026-07-31,BR036,13,5991000.00,SYNTHETIC_MONTH_END_CONTROL
2026-07-31,BR037,16,6746300.00,SYNTHETIC_MONTH_END_CONTROL
2026-07-31,BR038,18,10444600.00,SYNTHETIC_MONTH_END_CONTROL
2026-07-31,BR039,17,7760500.00,SYNTHETIC_MONTH_END_CONTROL
2026-07-31,BR040,17,8510200.00,SYNTHETIC_MONTH_END_CONTROL
2026-07-31,BR041,20,8465500.00,SYNTHETIC_MONTH_END_CONTROL
2026-07-31,BR042,13,6285300.00,SYNTHETIC_MONTH_END_CONTROL
2026-07-31,BR043,17,8490500.00,SYNTHETIC_MONTH_END_CONTROL
2026-07-31,BR044,15,6455600.00,SYNTHETIC_MONTH_END_CONTROL
2026-07-31,BR045,17,7347300.00,SYNTHETIC_MONTH_END_CONTROL
2026-07-31,BR046,12,5348800.00,SYNTHETIC_MONTH_END_CONTROL
2026-07-31,BR047,22,9816500.00,SYNTHETIC_MONTH_END_CONTROL
2026-07-31,BR048,16,5633700.00,SYNTHETIC_MONTH_END_CONTROL
2026-07-31,BR049,25,12438400.00,SYNTHETIC_MONTH_END_CONTROL
2026-07-31,BR050,14,6970600.00,SYNTHETIC_MONTH_END_CONTROL
2026-07-31,BR051,15,6152400.00,SYNTHETIC_MONTH_END_CONTROL
2026-07-31,BR052,22,10879500.00,SYNTHETIC_MONTH_END_CONTROL
2026-07-31,BR053,15,6790200.00,SYNTHETIC_MONTH_END_CONTROL
2026-07-31,BR054,17,7792300.00,SYNTHETIC_MONTH_END_CONTROL
2026-07-31,BR055,19,7921700.00,SYNTHETIC_MONTH_END_CONTROL
2026-07-31,BR056,14,5864400.00,SYNTHETIC_MONTH_END_CONTROL
2026-07-31,BR057,18,7347800.00,SYNTHETIC_MONTH_END_CONTROL
2026-07-31,BR058,16,7557100.00,SYNTHETIC_MONTH_END_CONTROL
2026-07-31,BR059,19,8898100.00,SYNTHETIC_MONTH_END_CONTROL
2026-07-31,BR060,20,10256800.00,SYNTHETIC_MONTH_END_CONTROL
