branch_id,branch_name,region_id,region_name,effective_start_date,effective_end_date,is_active
BR001,Summit Branch 01,RG01,Summit Region 1,2024-08-01,,true
BR002,Summit Branch 02,RG02,Summit Region 2,2024-08-01,,true
BR003,Summit Branch 03,RG03,Summit Region 3,2024-08-01,,true
BR004,Summit Branch 04,RG04,Summit Region 4,2024-08-01,,true
BR005,Summit Branch 05,RG05,Summit Region 5,2024-08-01,,true
BR006,Summit Branch 06,RG06,Summit Region 6,2024-08-01,,true
BR007,Summit Branch 07,RG07,Summit Region 7,2024-08-01,2025-07-31,false
BR007,Summit Branch 07,RG01,Summit Region 1,2025-08-01,,true
BR008,Summit Branch 08,RG08,Summit Region 8,2024-08-01,,true
BR009,Summit Branch 09,RG01,Summit Region 1,2024-08-01,,true
BR010,Summit Branch 10,RG02,Summit Region 2,2024-08-01,,true
BR011,Summit Branch 11,RG03,Summit Region 3,2024-08-01,,true
BR012,Summit Branch 12,RG04,Summit Region 4,2024-08-01,,true
BR013,Summit Branch 13,RG05,Summit Region 5,2024-08-01,,true
BR014,Summit Branch 14,RG06,Summit Region 6,2024-08-01,2025-07-31,false
BR014,Summit Branch 14,RG08,Summit Region 8,2025-08-01,,true
BR015,Summit Branch 15,RG07,Summit Region 7,2024-08-01,,true
BR016,Summit Branch 16,RG08,Summit Region 8,2024-08-01,,true
BR017,Summit Branch 17,RG01,Summit Region 1,2024-08-01,,true
BR018,Summit Branch 18,RG02,Summit Region 2,2024-08-01,,true
BR019,Summit Branch 19,RG03,Summit Region 3,2024-08-01,,true
BR020,Summit Branch 20,RG04,Summit Region 4,2024-08-01,,true
BR021,Summit Branch 21,RG05,Summit Region 5,2024-08-01,2025-07-31,false
BR021,Summit Branch 21,RG07,Summit Region 7,2025-08-01,,true
BR022,Summit Branch 22,RG06,Summit Region 6,2024-08-01,,true
BR023,Summit Branch 23,RG07,Summit Region 7,2024-08-01,,true
BR024,Summit Branch 24,RG08,Summit Region 8,2024-08-01,,true
BR025,Summit Branch 25,RG01,Summit Region 1,2024-08-01,,true
BR026,Summit Branch 26,RG02,Summit Region 2,2024-08-01,,true
BR027,Summit Branch 27,RG03,Summit Region 3,2024-08-01,,true
BR028,Summit Branch 28,RG04,Summit Region 4,2024-08-01,2025-07-31,false
BR028,Summit Branch 28,RG06,Summit Region 6,2025-08-01,,true
BR029,Summit Branch 29,RG05,Summit Region 5,2024-08-01,,true
BR030,Summit Branch 30,RG06,Summit Region 6,2024-08-01,,true
BR031,Summit Branch 31,RG07,Summit Region 7,2024-08-01,,true
BR032,Summit Branch 32,RG08,Summit Region 8,2024-08-01,,true
BR033,Summit Branch 33,RG01,Summit Region 1,2024-08-01,,true
BR034,Summit Branch 34,RG02,Summit Region 2,2024-08-01,,true
BR035,Summit Branch 35,RG03,Summit Region 3,2024-08-01,2025-07-31,false
BR035,Summit Branch 35,RG05,Summit Region 5,2025-08-01,,true
BR036,Summit Branch 36,RG04,Summit Region 4,2024-08-01,,true
BR037,Summit Branch 37,RG05,Summit Region 5,2024-08-01,,true
BR038,Summit Branch 38,RG06,Summit Region 6,2024-08-01,,true
BR039,Summit Branch 39,RG07,Summit Region 7,2024-08-01,,true
BR040,Summit Branch 40,RG08,Summit Region 8,2024-08-01,,true
BR041,Summit Branch 41,RG01,Summit Region 1,2024-08-01,,true
BR042,Summit Branch 42,RG02,Summit Region 2,2024-08-01,2025-07-31,false
BR042,Summit Branch 42,RG04,Summit Region 4,2025-08-01,,true
BR043,Summit Branch 43,RG03,Summit Region 3,2024-08-01,,true
BR044,Summit Branch 44,RG04,Summit Region 4,2024-08-01,,true
BR045,Summit Branch 45,RG05,Summit Region 5,2024-08-01,,true
BR046,Summit Branch 46,RG06,Summit Region 6,2024-08-01,,true
BR047,Summit Branch 47,RG07,Summit Region 7,2024-08-01,,true
BR048,Summit Branch 48,RG08,Summit Region 8,2024-08-01,,true
BR049,Summit Branch 49,RG01,Summit Region 1,2024-08-01,2025-07-31,false
BR049,Summit Branch 49,RG03,Summit Region 3,2025-08-01,,true
BR050,Summit Branch 50,RG02,Summit Region 2,2024-08-01,,true
BR051,Summit Branch 51,RG03,Summit Region 3,2024-08-01,,true
BR052,Summit Branch 52,RG04,Summit Region 4,2024-08-01,,true
BR053,Summit Branch 53,RG05,Summit Region 5,2024-08-01,,true
BR054,Summit Branch 54,RG06,Summit Region 6,2024-08-01,,true
BR055,Summit Branch 55,RG07,Summit Region 7,2024-08-01,,true
BR056,Summit Branch 56,RG08,Summit Region 8,2024-08-01,2025-07-31,false
BR056,Summit Branch 56,RG02,Summit Region 2,2025-08-01,,true
BR057,Summit Branch 57,RG01,Summit Region 1,2024-08-01,,true
BR058,Summit Branch 58,RG02,Summit Region 2,2024-08-01,,true
BR059,Summit Branch 59,RG03,Summit Region 3,2024-08-01,,true
BR060,Summit Branch 60,RG04,Summit Region 4,2024-08-01,,true
