month_end_date,branch_id,monthly_branch_overhead,overhead_basis
2024-08-31,BR001,53674.91,SYNTHETIC_FIXED_ALLOCATION
2024-08-31,BR002,55347.36,SYNTHETIC_FIXED_ALLOCATION
2024-08-31,BR003,46788.51,SYNTHETIC_FIXED_ALLOCATION
2024-08-31,BR004,38563.96,SYNTHETIC_FIXED_ALLOCATION
2024-08-31,BR005,42158.01,SYNTHETIC_FIXED_ALLOCATION
2024-08-31,BR006,32162.93,SYNTHETIC_FIXED_ALLOCATION
2024-08-31,BR007,29642.63,SYNTHETIC_FIXED_ALLOCATION
2024-08-31,BR008,52735.72,SYNTHETIC_FIXED_ALLOCATION
2024-08-31,BR009,31001.95,SYNTHETIC_FIXED_ALLOCATION
2024-08-31,BR010,36682.67,SYNTHETIC_FIXED_ALLOCATION
2024-08-31,BR011,29979.50,SYNTHETIC_FIXED_ALLOCATION
2024-08-31,BR012,56256.35,SYNTHETIC_FIXED_ALLOCATION
2024-08-31,BR013,49502.35,SYNTHETIC_FIXED_ALLOCATION
2024-08-31,BR014,48532.12,SYNTHETIC_FIXED_ALLOCATION
2024-08-31,BR015,44248.59,SYNTHETIC_FIXED_ALLOCATION
2024-08-31,BR016,33598.84,SYNTHETIC_FIXED_ALLOCATION
2024-08-31,BR017,48640.33,SYNTHETIC_FIXED_ALLOCATION
2024-08-31,BR018,40479.24,SYNTHETIC_FIXED_ALLOCATION
2024-08-31,BR019,35075.65,SYNTHETIC_FIXED_ALLOCATION
2024-08-31,BR020,30492.98,SYNTHETIC_FIXED_ALLOCATION
2024-08-31,BR021,33843.32,SYNTHETIC_FIXED_ALLOCATION
2024-08-31,BR022,33197.20,SYNTHETIC_FIXED_ALLOCATION
2024-08-31,BR023,52238.35,SYNTHETIC_FIXED_ALLOCATION
2024-08-31,BR024,31085.91,SYNTHETIC_FIXED_ALLOCATION
2024-08-31,BR025,33698.68,SYNTHETIC_FIXED_ALLOCATION
2024-08-31,BR026,32429.95,SYNTHETIC_FIXED_ALLOCATION
2024-08-31,BR027,31268.54,SYNTHETIC_FIXED_ALLOCATION
2024-08-31,BR028,50253.44,SYNTHETIC_FIXED_ALLOCATION
2024-08-31,BR029,38589.80,SYNTHETIC_FIXED_ALLOCATION
2024-08-31,BR030,53317.27,SYNTHETIC_FIXED_ALLOCATION
2024-08-31,BR031,42520.29,SYNTHETIC_FIXED_ALLOCATION
2024-08-31,BR032,27373.29,SYNTHETIC_FIXED_ALLOCATION
2024-08-31,BR033,39548.94,SYNTHETIC_FIXED_ALLOCATION
2024-08-31,BR034,29383.74,SYNTHETIC_FIXED_ALLOCATION
2024-08-31,BR035,39261.72,SYNTHETIC_FIXED_ALLOCATION
2024-08-31,BR036,31394.16,SYNTHETIC_FIXED_ALLOCATION
2024-08-31,BR037,26426.38,SYNTHETIC_FIXED_ALLOCATION
2024-08-31,BR038,25646.57,SYNTHETIC_FIXED_ALLOCATION
2024-08-31,BR039,54523.20,SYNTHETIC_FIXED_ALLOCATION
2024-08-31,BR040,49714.07,SYNTHETIC_FIXED_ALLOCATION
2024-08-31,BR041,33672.52,SYNTHETIC_FIXED_ALLOCATION
2024-08-31,BR042,56616.14,SYNTHETIC_FIXED_ALLOCATION
2024-08-31,BR043,47855.77,SYNTHETIC_FIXED_ALLOCATION
2024-08-31,BR044,40616.26,SYNTHETIC_FIXED_ALLOCATION
2024-08-31,BR045,39757.18,SYNTHETIC_FIXED_ALLOCATION
2024-08-31,BR046,44804.32,SYNTHETIC_FIXED_ALLOCATION
2024-08-31,BR047,58215.77,SYNTHETIC_FIXED_ALLOCATION
2024-08-31,BR048,51625.40,SYNTHETIC_FIXED_ALLOCATION
2024-08-31,BR049,27786.86,SYNTHETIC_FIXED_ALLOCATION
2024-08-31,BR050,57584.02,SYNTHETIC_FIXED_ALLOCATION
2024-08-31,BR051,44494.23,SYNTHETIC_FIXED_ALLOCATION
2024-08-31,BR052,58903.66,SYNTHETIC_FIXED_ALLOCATION
2024-08-31,BR053,40854.31,SYNTHETIC_FIXED_ALLOCATION
2024-08-31,BR054,38608.12,SYNTHETIC_FIXED_ALLOCATION
2024-08-31,BR055,31822.83,SYNTHETIC_FIXED_ALLOCATION
2024-08-31,BR056,52297.28,SYNTHETIC_FIXED_ALLOCATION
2024-08-31,BR057,32569.58,SYNTHETIC_FIXED_ALLOCATION
2024-08-31,BR058,43881.89,SYNTHETIC_FIXED_ALLOCATION
2024-08-31,BR059,53123.67,SYNTHETIC_FIXED_ALLOCATION
2024-08-31,BR060,38433.59,SYNTHETIC_FIXED_ALLOCATION
2024-09-30,BR001,34119.18,SYNTHETIC_FIXED_ALLOCATION
2024-09-30,BR002,43834.38,SYNTHETIC_FIXED_ALLOCATION
2024-09-30,BR003,28512.91,SYNTHETIC_FIXED_ALLOCATION
2024-09-30,BR004,39525.56,SYNTHETIC_FIXED_ALLOCATION
2024-09-30,BR005,57137.70,SYNTHETIC_FIXED_ALLOCATION
2024-09-30,BR006,31246.86,SYNTHETIC_FIXED_ALLOCATION
2024-09-30,BR007,41712.28,SYNTHETIC_FIXED_ALLOCATION
2024-09-30,BR008,44769.51,SYNTHETIC_FIXED_ALLOCATION
2024-09-30,BR009,26351.14,SYNTHETIC_FIXED_ALLOCATION
2024-09-30,BR010,33687.93,SYNTHETIC_FIXED_ALLOCATION
2024-09-30,BR011,45918.94,SYNTHETIC_FIXED_ALLOCATION
2024-09-30,BR012,51931.40,SYNTHETIC_FIXED_ALLOCATION
2024-09-30,BR013,33485.74,SYNTHETIC_FIXED_ALLOCATION
2024-09-30,BR014,49158.41,SYNTHETIC_FIXED_ALLOCATION
2024-09-30,BR015,52364.14,SYNTHETIC_FIXED_ALLOCATION
2024-09-30,BR016,30547.76,SYNTHETIC_FIXED_ALLOCATION
2024-09-30,BR017,27901.76,SYNTHETIC_FIXED_ALLOCATION
2024-09-30,BR018,31823.68,SYNTHETIC_FIXED_ALLOCATION
2024-09-30,BR019,46676.54,SYNTHETIC_FIXED_ALLOCATION
2024-09-30,BR020,28553.98,SYNTHETIC_FIXED_ALLOCATION
2024-09-30,BR021,46925.52,SYNTHETIC_FIXED_ALLOCATION
2024-09-30,BR022,33888.63,SYNTHETIC_FIXED_ALLOCATION
2024-09-30,BR023,59549.77,SYNTHETIC_FIXED_ALLOCATION
2024-09-30,BR024,26788.84,SYNTHETIC_FIXED_ALLOCATION
2024-09-30,BR025,54791.14,SYNTHETIC_FIXED_ALLOCATION
2024-09-30,BR026,45489.89,SYNTHETIC_FIXED_ALLOCATION
2024-09-30,BR027,40206.71,SYNTHETIC_FIXED_ALLOCATION
2024-09-30,BR028,28900.96,SYNTHETIC_FIXED_ALLOCATION
2024-09-30,BR029,36783.05,SYNTHETIC_FIXED_ALLOCATION
2024-09-30,BR030,54256.96,SYNTHETIC_FIXED_ALLOCATION
2024-09-30,BR031,40278.92,SYNTHETIC_FIXED_ALLOCATION
2024-09-30,BR032,55044.55,SYNTHETIC_FIXED_ALLOCATION
2024-09-30,BR033,57222.14,SYNTHETIC_FIXED_ALLOCATION
2024-09-30,BR034,25270.68,SYNTHETIC_FIXED_ALLOCATION
2024-09-30,BR035,33959.22,SYNTHETIC_FIXED_ALLOCATION
2024-09-30,BR036,25392.15,SYNTHETIC_FIXED_ALLOCATION
2024-09-30,BR037,35160.66,SYNTHETIC_FIXED_ALLOCATION
2024-09-30,BR038,57504.47,SYNTHETIC_FIXED_ALLOCATION
2024-09-30,BR039,37600.67,SYNTHETIC_FIXED_ALLOCATION
2024-09-30,BR040,51541.27,SYNTHETIC_FIXED_ALLOCATION
2024-09-30,BR041,27414.88,SYNTHETIC_FIXED_ALLOCATION
2024-09-30,BR042,54907.95,SYNTHETIC_FIXED_ALLOCATION
2024-09-30,BR043,25455.27,SYNTHETIC_FIXED_ALLOCATION
2024-09-30,BR044,29128.10,SYNTHETIC_FIXED_ALLOCATION
2024-09-30,BR045,48837.45,SYNTHETIC_FIXED_ALLOCATION
2024-09-30,BR046,46338.30,SYNTHETIC_FIXED_ALLOCATION
2024-09-30,BR047,58786.59,SYNTHETIC_FIXED_ALLOCATION
2024-09-30,BR048,50751.60,SYNTHETIC_FIXED_ALLOCATION
2024-09-30,BR049,46226.36,SYNTHETIC_FIXED_ALLOCATION
2024-09-30,BR050,32988.94,SYNTHETIC_FIXED_ALLOCATION
2024-09-30,BR051,28430.53,SYNTHETIC_FIXED_ALLOCATION
2024-09-30,BR052,40203.05,SYNTHETIC_FIXED_ALLOCATION
2024-09-30,BR053,38251.78,SYNTHETIC_FIXED_ALLOCATION
2024-09-30,BR054,25940.86,SYNTHETIC_FIXED_ALLOCATION
2024-09-30,BR055,32054.49,SYNTHETIC_FIXED_ALLOCATION
2024-09-30,BR056,40975.99,SYNTHETIC_FIXED_ALLOCATION
2024-09-30,BR057,29637.38,SYNTHETIC_FIXED_ALLOCATION
2024-09-30,BR058,54474.46,SYNTHETIC_FIXED_ALLOCATION
2024-09-30,BR059,26067.88,SYNTHETIC_FIXED_ALLOCATION
2024-09-30,BR060,32342.04,SYNTHETIC_FIXED_ALLOCATION
2024-10-31,BR001,59323.66,SYNTHETIC_FIXED_ALLOCATION
2024-10-31,BR002,54944.34,SYNTHETIC_FIXED_ALLOCATION
2024-10-31,BR003,50714.26,SYNTHETIC_FIXED_ALLOCATION
2024-10-31,BR004,41615.57,SYNTHETIC_FIXED_ALLOCATION
2024-10-31,BR005,59204.78,SYNTHETIC_FIXED_ALLOCATION
2024-10-31,BR006,56756.52,SYNTHETIC_FIXED_ALLOCATION
2024-10-31,BR007,53253.94,SYNTHETIC_FIXED_ALLOCATION
2024-10-31,BR008,59713.68,SYNTHETIC_FIXED_ALLOCATION
2024-10-31,BR009,28623.60,SYNTHETIC_FIXED_ALLOCATION
2024-10-31,BR010,42926.70,SYNTHETIC_FIXED_ALLOCATION
2024-10-31,BR011,25788.35,SYNTHETIC_FIXED_ALLOCATION
2024-10-31,BR012,57796.08,SYNTHETIC_FIXED_ALLOCATION
2024-10-31,BR013,39951.51,SYNTHETIC_FIXED_ALLOCATION
2024-10-31,BR014,31277.62,SYNTHETIC_FIXED_ALLOCATION
2024-10-31,BR015,31203.00,SYNTHETIC_FIXED_ALLOCATION
2024-10-31,BR016,47187.11,SYNTHETIC_FIXED_ALLOCATION
2024-10-31,BR017,54851.51,SYNTHETIC_FIXED_ALLOCATION
2024-10-31,BR018,26215.17,SYNTHETIC_FIXED_ALLOCATION
2024-10-31,BR019,39567.86,SYNTHETIC_FIXED_ALLOCATION
2024-10-31,BR020,52275.11,SYNTHETIC_FIXED_ALLOCATION
2024-10-31,BR021,53599.12,SYNTHETIC_FIXED_ALLOCATION
2024-10-31,BR022,51656.54,SYNTHETIC_FIXED_ALLOCATION
2024-10-31,BR023,48861.00,SYNTHETIC_FIXED_ALLOCATION
2024-10-31,BR024,35948.83,SYNTHETIC_FIXED_ALLOCATION
2024-10-31,BR025,42735.09,SYNTHETIC_FIXED_ALLOCATION
2024-10-31,BR026,45445.44,SYNTHETIC_FIXED_ALLOCATION
2024-10-31,BR027,27314.24,SYNTHETIC_FIXED_ALLOCATION
2024-10-31,BR028,54903.19,SYNTHETIC_FIXED_ALLOCATION
2024-10-31,BR029,43876.26,SYNTHETIC_FIXED_ALLOCATION
2024-10-31,BR030,56334.03,SYNTHETIC_FIXED_ALLOCATION
2024-10-31,BR031,28567.93,SYNTHETIC_FIXED_ALLOCATION
2024-10-31,BR032,30897.58,SYNTHETIC_FIXED_ALLOCATION
2024-10-31,BR033,36268.91,SYNTHETIC_FIXED_ALLOCATION
2024-10-31,BR034,25217.56,SYNTHETIC_FIXED_ALLOCATION
2024-10-31,BR035,26370.96,SYNTHETIC_FIXED_ALLOCATION
2024-10-31,BR036,29013.62,SYNTHETIC_FIXED_ALLOCATION
2024-10-31,BR037,36467.24,SYNTHETIC_FIXED_ALLOCATION
2024-10-31,BR038,25424.01,SYNTHETIC_FIXED_ALLOCATION
2024-10-31,BR039,52327.53,SYNTHETIC_FIXED_ALLOCATION
2024-10-31,BR040,59155.91,SYNTHETIC_FIXED_ALLOCATION
2024-10-31,BR041,49043.24,SYNTHETIC_FIXED_ALLOCATION
2024-10-31,BR042,43962.77,SYNTHETIC_FIXED_ALLOCATION
2024-10-31,BR043,53103.59,SYNTHETIC_FIXED_ALLOCATION
2024-10-31,BR044,53198.55,SYNTHETIC_FIXED_ALLOCATION
2024-10-31,BR045,38890.41,SYNTHETIC_FIXED_ALLOCATION
2024-10-31,BR046,38138.88,SYNTHETIC_FIXED_ALLOCATION
2024-10-31,BR047,45434.27,SYNTHETIC_FIXED_ALLOCATION
2024-10-31,BR048,42562.89,SYNTHETIC_FIXED_ALLOCATION
2024-10-31,BR049,36475.00,SYNTHETIC_FIXED_ALLOCATION
2024-10-31,BR050,35842.04,SYNTHETIC_FIXED_ALLOCATION
2024-10-31,BR051,37906.38,SYNTHETIC_FIXED_ALLOCATION
2024-10-31,BR052,36840.67,SYNTHETIC_FIXED_ALLOCATION
2024-10-31,BR053,34638.59,SYNTHETIC_FIXED_ALLOCATION
2024-10-31,BR054,46756.67,SYNTHETIC_FIXED_ALLOCATION
2024-10-31,BR055,50913.13,SYNTHETIC_FIXED_ALLOCATION
2024-10-31,BR056,59635.41,SYNTHETIC_FIXED_ALLOCATION
2024-10-31,BR057,54130.91,SYNTHETIC_FIXED_ALLOCATION
2024-10-31,BR058,47800.75,SYNTHETIC_FIXED_ALLOCATION
2024-10-31,BR059,37205.19,SYNTHETIC_FIXED_ALLOCATION
2024-10-31,BR060,39144.09,SYNTHETIC_FIXED_ALLOCATION
2024-11-30,BR001,31489.29,SYNTHETIC_FIXED_ALLOCATION
2024-11-30,BR002,28823.55,SYNTHETIC_FIXED_ALLOCATION
2024-11-30,BR003,51457.15,SYNTHETIC_FIXED_ALLOCATION
2024-11-30,BR004,48349.09,SYNTHETIC_FIXED_ALLOCATION
2024-11-30,BR005,29120.39,SYNTHETIC_FIXED_ALLOCATION
2024-11-30,BR006,59800.34,SYNTHETIC_FIXED_ALLOCATION
2024-11-30,BR007,37815.25,SYNTHETIC_FIXED_ALLOCATION
2024-11-30,BR008,43627.04,SYNTHETIC_FIXED_ALLOCATION
2024-11-30,BR009,45886.61,SYNTHETIC_FIXED_ALLOCATION
2024-11-30,BR010,58734.93,SYNTHETIC_FIXED_ALLOCATION
2024-11-30,BR011,54824.02,SYNTHETIC_FIXED_ALLOCATION
2024-11-30,BR012,40414.78,SYNTHETIC_FIXED_ALLOCATION
2024-11-30,BR013,56808.56,SYNTHETIC_FIXED_ALLOCATION
2024-11-30,BR014,55376.42,SYNTHETIC_FIXED_ALLOCATION
2024-11-30,BR015,32207.22,SYNTHETIC_FIXED_ALLOCATION
2024-11-30,BR016,44620.60,SYNTHETIC_FIXED_ALLOCATION
2024-11-30,BR017,53928.29,SYNTHETIC_FIXED_ALLOCATION
2024-11-30,BR018,38593.93,SYNTHETIC_FIXED_ALLOCATION
2024-11-30,BR019,46648.64,SYNTHETIC_FIXED_ALLOCATION
2024-11-30,BR020,51295.13,SYNTHETIC_FIXED_ALLOCATION
2024-11-30,BR021,46636.93,SYNTHETIC_FIXED_ALLOCATION
2024-11-30,BR022,54654.81,SYNTHETIC_FIXED_ALLOCATION
2024-11-30,BR023,37663.33,SYNTHETIC_FIXED_ALLOCATION
2024-11-30,BR024,27127.04,SYNTHETIC_FIXED_ALLOCATION
2024-11-30,BR025,43620.67,SYNTHETIC_FIXED_ALLOCATION
2024-11-30,BR026,59378.24,SYNTHETIC_FIXED_ALLOCATION
2024-11-30,BR027,28546.51,SYNTHETIC_FIXED_ALLOCATION
2024-11-30,BR028,58397.96,SYNTHETIC_FIXED_ALLOCATION
2024-11-30,BR029,53601.36,SYNTHETIC_FIXED_ALLOCATION
2024-11-30,BR030,56646.66,SYNTHETIC_FIXED_ALLOCATION
2024-11-30,BR031,33061.73,SYNTHETIC_FIXED_ALLOCATION
2024-11-30,BR032,30770.99,SYNTHETIC_FIXED_ALLOCATION
2024-11-30,BR033,30430.87,SYNTHETIC_FIXED_ALLOCATION
2024-11-30,BR034,34752.19,SYNTHETIC_FIXED_ALLOCATION
2024-11-30,BR035,55298.60,SYNTHETIC_FIXED_ALLOCATION
2024-11-30,BR036,55057.75,SYNTHETIC_FIXED_ALLOCATION
2024-11-30,BR037,25255.64,SYNTHETIC_FIXED_ALLOCATION
2024-11-30,BR038,29557.09,SYNTHETIC_FIXED_ALLOCATION
2024-11-30,BR039,35666.43,SYNTHETIC_FIXED_ALLOCATION
2024-11-30,BR040,37546.27,SYNTHETIC_FIXED_ALLOCATION
2024-11-30,BR041,46193.64,SYNTHETIC_FIXED_ALLOCATION
2024-11-30,BR042,54353.15,SYNTHETIC_FIXED_ALLOCATION
2024-11-30,BR043,51046.19,SYNTHETIC_FIXED_ALLOCATION
2024-11-30,BR044,51661.21,SYNTHETIC_FIXED_ALLOCATION
2024-11-30,BR045,48863.69,SYNTHETIC_FIXED_ALLOCATION
2024-11-30,BR046,39080.18,SYNTHETIC_FIXED_ALLOCATION
2024-11-30,BR047,25127.25,SYNTHETIC_FIXED_ALLOCATION
2024-11-30,BR048,54063.90,SYNTHETIC_FIXED_ALLOCATION
2024-11-30,BR049,52941.44,SYNTHETIC_FIXED_ALLOCATION
2024-11-30,BR050,51366.22,SYNTHETIC_FIXED_ALLOCATION
2024-11-30,BR051,32812.10,SYNTHETIC_FIXED_ALLOCATION
2024-11-30,BR052,31189.98,SYNTHETIC_FIXED_ALLOCATION
2024-11-30,BR053,30213.99,SYNTHETIC_FIXED_ALLOCATION
2024-11-30,BR054,44429.30,SYNTHETIC_FIXED_ALLOCATION
2024-11-30,BR055,57526.03,SYNTHETIC_FIXED_ALLOCATION
2024-11-30,BR056,36651.85,SYNTHETIC_FIXED_ALLOCATION
2024-11-30,BR057,32427.02,SYNTHETIC_FIXED_ALLOCATION
2024-11-30,BR058,59916.47,SYNTHETIC_FIXED_ALLOCATION
2024-11-30,BR059,31465.20,SYNTHETIC_FIXED_ALLOCATION
2024-11-30,BR060,33195.10,SYNTHETIC_FIXED_ALLOCATION
2024-12-31,BR001,42948.29,SYNTHETIC_FIXED_ALLOCATION
2024-12-31,BR002,29859.52,SYNTHETIC_FIXED_ALLOCATION
2024-12-31,BR003,25133.15,SYNTHETIC_FIXED_ALLOCATION
2024-12-31,BR004,46253.59,SYNTHETIC_FIXED_ALLOCATION
2024-12-31,BR005,36304.79,SYNTHETIC_FIXED_ALLOCATION
2024-12-31,BR006,37985.51,SYNTHETIC_FIXED_ALLOCATION
2024-12-31,BR007,42378.16,SYNTHETIC_FIXED_ALLOCATION
2024-12-31,BR008,30144.01,SYNTHETIC_FIXED_ALLOCATION
2024-12-31,BR009,38814.46,SYNTHETIC_FIXED_ALLOCATION
2024-12-31,BR010,52286.92,SYNTHETIC_FIXED_ALLOCATION
2024-12-31,BR011,43644.04,SYNTHETIC_FIXED_ALLOCATION
2024-12-31,BR012,58402.44,SYNTHETIC_FIXED_ALLOCATION
2024-12-31,BR013,30801.43,SYNTHETIC_FIXED_ALLOCATION
2024-12-31,BR014,55402.52,SYNTHETIC_FIXED_ALLOCATION
2024-12-31,BR015,40691.60,SYNTHETIC_FIXED_ALLOCATION
2024-12-31,BR016,48766.19,SYNTHETIC_FIXED_ALLOCATION
2024-12-31,BR017,45438.48,SYNTHETIC_FIXED_ALLOCATION
2024-12-31,BR018,28168.02,SYNTHETIC_FIXED_ALLOCATION
2024-12-31,BR019,44793.51,SYNTHETIC_FIXED_ALLOCATION
2024-12-31,BR020,41662.78,SYNTHETIC_FIXED_ALLOCATION
2024-12-31,BR021,40994.81,SYNTHETIC_FIXED_ALLOCATION
2024-12-31,BR022,52549.56,SYNTHETIC_FIXED_ALLOCATION
2024-12-31,BR023,27725.95,SYNTHETIC_FIXED_ALLOCATION
2024-12-31,BR024,38838.29,SYNTHETIC_FIXED_ALLOCATION
2024-12-31,BR025,29024.65,SYNTHETIC_FIXED_ALLOCATION
2024-12-31,BR026,29332.64,SYNTHETIC_FIXED_ALLOCATION
2024-12-31,BR027,51323.31,SYNTHETIC_FIXED_ALLOCATION
2024-12-31,BR028,36611.54,SYNTHETIC_FIXED_ALLOCATION
2024-12-31,BR029,46724.38,SYNTHETIC_FIXED_ALLOCATION
2024-12-31,BR030,56172.79,SYNTHETIC_FIXED_ALLOCATION
2024-12-31,BR031,57387.42,SYNTHETIC_FIXED_ALLOCATION
2024-12-31,BR032,33205.40,SYNTHETIC_FIXED_ALLOCATION
2024-12-31,BR033,59097.26,SYNTHETIC_FIXED_ALLOCATION
2024-12-31,BR034,25706.55,SYNTHETIC_FIXED_ALLOCATION
2024-12-31,BR035,51200.47,SYNTHETIC_FIXED_ALLOCATION
2024-12-31,BR036,59789.29,SYNTHETIC_FIXED_ALLOCATION
2024-12-31,BR037,42912.86,SYNTHETIC_FIXED_ALLOCATION
2024-12-31,BR038,39106.05,SYNTHETIC_FIXED_ALLOCATION
2024-12-31,BR039,40450.96,SYNTHETIC_FIXED_ALLOCATION
2024-12-31,BR040,55857.02,SYNTHETIC_FIXED_ALLOCATION
2024-12-31,BR041,35451.90,SYNTHETIC_FIXED_ALLOCATION
2024-12-31,BR042,41323.22,SYNTHETIC_FIXED_ALLOCATION
2024-12-31,BR043,51481.16,SYNTHETIC_FIXED_ALLOCATION
2024-12-31,BR044,46632.86,SYNTHETIC_FIXED_ALLOCATION
2024-12-31,BR045,34243.03,SYNTHETIC_FIXED_ALLOCATION
2024-12-31,BR046,31632.14,SYNTHETIC_FIXED_ALLOCATION
2024-12-31,BR047,27015.54,SYNTHETIC_FIXED_ALLOCATION
2024-12-31,BR048,49553.90,SYNTHETIC_FIXED_ALLOCATION
2024-12-31,BR049,30277.01,SYNTHETIC_FIXED_ALLOCATION
2024-12-31,BR050,38556.19,SYNTHETIC_FIXED_ALLOCATION
2024-12-31,BR051,57561.63,SYNTHETIC_FIXED_ALLOCATION
2024-12-31,BR052,40151.40,SYNTHETIC_FIXED_ALLOCATION
2024-12-31,BR053,57228.68,SYNTHETIC_FIXED_ALLOCATION
2024-12-31,BR054,45369.10,SYNTHETIC_FIXED_ALLOCATION
2024-12-31,BR055,27464.41,SYNTHETIC_FIXED_ALLOCATION
2024-12-31,BR056,30913.19,SYNTHETIC_FIXED_ALLOCATION
2024-12-31,BR057,58041.98,SYNTHETIC_FIXED_ALLOCATION
2024-12-31,BR058,28598.86,SYNTHETIC_FIXED_ALLOCATION
2024-12-31,BR059,52565.30,SYNTHETIC_FIXED_ALLOCATION
2024-12-31,BR060,32713.32,SYNTHETIC_FIXED_ALLOCATION
2025-01-31,BR001,27966.66,SYNTHETIC_FIXED_ALLOCATION
2025-01-31,BR002,55172.02,SYNTHETIC_FIXED_ALLOCATION
2025-01-31,BR003,56632.81,SYNTHETIC_FIXED_ALLOCATION
2025-01-31,BR004,58030.54,SYNTHETIC_FIXED_ALLOCATION
2025-01-31,BR005,25418.29,SYNTHETIC_FIXED_ALLOCATION
2025-01-31,BR006,45179.57,SYNTHETIC_FIXED_ALLOCATION
2025-01-31,BR007,46573.31,SYNTHETIC_FIXED_ALLOCATION
2025-01-31,BR008,34105.72,SYNTHETIC_FIXED_ALLOCATION
2025-01-31,BR009,56150.73,SYNTHETIC_FIXED_ALLOCATION
2025-01-31,BR010,50811.30,SYNTHETIC_FIXED_ALLOCATION
2025-01-31,BR011,57887.81,SYNTHETIC_FIXED_ALLOCATION
2025-01-31,BR012,26597.17,SYNTHETIC_FIXED_ALLOCATION
2025-01-31,BR013,50887.62,SYNTHETIC_FIXED_ALLOCATION
2025-01-31,BR014,38877.89,SYNTHETIC_FIXED_ALLOCATION
2025-01-31,BR015,31918.78,SYNTHETIC_FIXED_ALLOCATION
2025-01-31,BR016,54143.46,SYNTHETIC_FIXED_ALLOCATION
2025-01-31,BR017,57917.76,SYNTHETIC_FIXED_ALLOCATION
2025-01-31,BR018,58769.92,SYNTHETIC_FIXED_ALLOCATION
2025-01-31,BR019,27156.39,SYNTHETIC_FIXED_ALLOCATION
2025-01-31,BR020,39516.38,SYNTHETIC_FIXED_ALLOCATION
2025-01-31,BR021,38154.30,SYNTHETIC_FIXED_ALLOCATION
2025-01-31,BR022,34277.39,SYNTHETIC_FIXED_ALLOCATION
2025-01-31,BR023,38385.96,SYNTHETIC_FIXED_ALLOCATION
2025-01-31,BR024,50092.70,SYNTHETIC_FIXED_ALLOCATION
2025-01-31,BR025,40892.63,SYNTHETIC_FIXED_ALLOCATION
2025-01-31,BR026,30672.66,SYNTHETIC_FIXED_ALLOCATION
2025-01-31,BR027,27806.48,SYNTHETIC_FIXED_ALLOCATION
2025-01-31,BR028,41160.02,SYNTHETIC_FIXED_ALLOCATION
2025-01-31,BR029,51779.03,SYNTHETIC_FIXED_ALLOCATION
2025-01-31,BR030,57081.48,SYNTHETIC_FIXED_ALLOCATION
2025-01-31,BR031,38557.10,SYNTHETIC_FIXED_ALLOCATION
2025-01-31,BR032,42071.92,SYNTHETIC_FIXED_ALLOCATION
2025-01-31,BR033,39455.77,SYNTHETIC_FIXED_ALLOCATION
2025-01-31,BR034,25087.03,SYNTHETIC_FIXED_ALLOCATION
2025-01-31,BR035,52515.62,SYNTHETIC_FIXED_ALLOCATION
2025-01-31,BR036,29205.06,SYNTHETIC_FIXED_ALLOCATION
2025-01-31,BR037,40737.57,SYNTHETIC_FIXED_ALLOCATION
2025-01-31,BR038,42245.90,SYNTHETIC_FIXED_ALLOCATION
2025-01-31,BR039,54512.42,SYNTHETIC_FIXED_ALLOCATION
2025-01-31,BR040,49467.27,SYNTHETIC_FIXED_ALLOCATION
2025-01-31,BR041,28630.65,SYNTHETIC_FIXED_ALLOCATION
2025-01-31,BR042,59932.16,SYNTHETIC_FIXED_ALLOCATION
2025-01-31,BR043,59356.71,SYNTHETIC_FIXED_ALLOCATION
2025-01-31,BR044,42289.33,SYNTHETIC_FIXED_ALLOCATION
2025-01-31,BR045,40603.51,SYNTHETIC_FIXED_ALLOCATION
2025-01-31,BR046,30359.56,SYNTHETIC_FIXED_ALLOCATION
2025-01-31,BR047,34529.55,SYNTHETIC_FIXED_ALLOCATION
2025-01-31,BR048,32069.91,SYNTHETIC_FIXED_ALLOCATION
2025-01-31,BR049,35919.25,SYNTHETIC_FIXED_ALLOCATION
2025-01-31,BR050,31825.47,SYNTHETIC_FIXED_ALLOCATION
2025-01-31,BR051,35310.70,SYNTHETIC_FIXED_ALLOCATION
2025-01-31,BR052,46604.21,SYNTHETIC_FIXED_ALLOCATION
2025-01-31,BR053,39362.00,SYNTHETIC_FIXED_ALLOCATION
2025-01-31,BR054,55548.90,SYNTHETIC_FIXED_ALLOCATION
2025-01-31,BR055,44859.95,SYNTHETIC_FIXED_ALLOCATION
2025-01-31,BR056,27925.40,SYNTHETIC_FIXED_ALLOCATION
2025-01-31,BR057,32308.02,SYNTHETIC_FIXED_ALLOCATION
2025-01-31,BR058,38752.51,SYNTHETIC_FIXED_ALLOCATION
2025-01-31,BR059,28524.25,SYNTHETIC_FIXED_ALLOCATION
2025-01-31,BR060,37899.20,SYNTHETIC_FIXED_ALLOCATION
2025-02-28,BR001,59749.34,SYNTHETIC_FIXED_ALLOCATION
2025-02-28,BR002,51277.40,SYNTHETIC_FIXED_ALLOCATION
2025-02-28,BR003,25820.50,SYNTHETIC_FIXED_ALLOCATION
2025-02-28,BR004,45343.82,SYNTHETIC_FIXED_ALLOCATION
2025-02-28,BR005,31600.05,SYNTHETIC_FIXED_ALLOCATION
2025-02-28,BR006,45580.81,SYNTHETIC_FIXED_ALLOCATION
2025-02-28,BR007,26914.98,SYNTHETIC_FIXED_ALLOCATION
2025-02-28,BR008,46394.61,SYNTHETIC_FIXED_ALLOCATION
2025-02-28,BR009,25586.30,SYNTHETIC_FIXED_ALLOCATION
2025-02-28,BR010,32718.87,SYNTHETIC_FIXED_ALLOCATION
2025-02-28,BR011,27734.80,SYNTHETIC_FIXED_ALLOCATION
2025-02-28,BR012,46385.92,SYNTHETIC_FIXED_ALLOCATION
2025-02-28,BR013,29371.19,SYNTHETIC_FIXED_ALLOCATION
2025-02-28,BR014,41376.53,SYNTHETIC_FIXED_ALLOCATION
2025-02-28,BR015,36961.79,SYNTHETIC_FIXED_ALLOCATION
2025-02-28,BR016,53545.90,SYNTHETIC_FIXED_ALLOCATION
2025-02-28,BR017,54406.24,SYNTHETIC_FIXED_ALLOCATION
2025-02-28,BR018,59809.27,SYNTHETIC_FIXED_ALLOCATION
2025-02-28,BR019,36524.21,SYNTHETIC_FIXED_ALLOCATION
2025-02-28,BR020,33362.08,SYNTHETIC_FIXED_ALLOCATION
2025-02-28,BR021,31330.31,SYNTHETIC_FIXED_ALLOCATION
2025-02-28,BR022,59938.61,SYNTHETIC_FIXED_ALLOCATION
2025-02-28,BR023,59071.30,SYNTHETIC_FIXED_ALLOCATION
2025-02-28,BR024,39121.69,SYNTHETIC_FIXED_ALLOCATION
2025-02-28,BR025,33576.94,SYNTHETIC_FIXED_ALLOCATION
2025-02-28,BR026,56778.85,SYNTHETIC_FIXED_ALLOCATION
2025-02-28,BR027,45200.53,SYNTHETIC_FIXED_ALLOCATION
2025-02-28,BR028,35226.72,SYNTHETIC_FIXED_ALLOCATION
2025-02-28,BR029,41009.09,SYNTHETIC_FIXED_ALLOCATION
2025-02-28,BR030,52492.60,SYNTHETIC_FIXED_ALLOCATION
2025-02-28,BR031,29890.45,SYNTHETIC_FIXED_ALLOCATION
2025-02-28,BR032,38373.58,SYNTHETIC_FIXED_ALLOCATION
2025-02-28,BR033,54088.61,SYNTHETIC_FIXED_ALLOCATION
2025-02-28,BR034,45229.70,SYNTHETIC_FIXED_ALLOCATION
2025-02-28,BR035,26838.71,SYNTHETIC_FIXED_ALLOCATION
2025-02-28,BR036,38110.98,SYNTHETIC_FIXED_ALLOCATION
2025-02-28,BR037,26055.37,SYNTHETIC_FIXED_ALLOCATION
2025-02-28,BR038,37397.59,SYNTHETIC_FIXED_ALLOCATION
2025-02-28,BR039,27480.48,SYNTHETIC_FIXED_ALLOCATION
2025-02-28,BR040,28024.43,SYNTHETIC_FIXED_ALLOCATION
2025-02-28,BR041,33887.67,SYNTHETIC_FIXED_ALLOCATION
2025-02-28,BR042,27694.13,SYNTHETIC_FIXED_ALLOCATION
2025-02-28,BR043,43906.27,SYNTHETIC_FIXED_ALLOCATION
2025-02-28,BR044,29507.31,SYNTHETIC_FIXED_ALLOCATION
2025-02-28,BR045,58645.99,SYNTHETIC_FIXED_ALLOCATION
2025-02-28,BR046,49755.10,SYNTHETIC_FIXED_ALLOCATION
2025-02-28,BR047,56337.03,SYNTHETIC_FIXED_ALLOCATION
2025-02-28,BR048,42642.95,SYNTHETIC_FIXED_ALLOCATION
2025-02-28,BR049,49695.71,SYNTHETIC_FIXED_ALLOCATION
2025-02-28,BR050,35848.13,SYNTHETIC_FIXED_ALLOCATION
2025-02-28,BR051,59026.56,SYNTHETIC_FIXED_ALLOCATION
2025-02-28,BR052,51855.56,SYNTHETIC_FIXED_ALLOCATION
2025-02-28,BR053,42634.35,SYNTHETIC_FIXED_ALLOCATION
2025-02-28,BR054,49404.96,SYNTHETIC_FIXED_ALLOCATION
2025-02-28,BR055,42772.06,SYNTHETIC_FIXED_ALLOCATION
2025-02-28,BR056,42948.31,SYNTHETIC_FIXED_ALLOCATION
2025-02-28,BR057,52484.60,SYNTHETIC_FIXED_ALLOCATION
2025-02-28,BR058,27905.32,SYNTHETIC_FIXED_ALLOCATION
2025-02-28,BR059,58882.47,SYNTHETIC_FIXED_ALLOCATION
2025-02-28,BR060,40729.61,SYNTHETIC_FIXED_ALLOCATION
2025-03-31,BR001,57633.29,SYNTHETIC_FIXED_ALLOCATION
2025-03-31,BR002,27219.42,SYNTHETIC_FIXED_ALLOCATION
2025-03-31,BR003,48586.99,SYNTHETIC_FIXED_ALLOCATION
2025-03-31,BR004,33753.69,SYNTHETIC_FIXED_ALLOCATION
2025-03-31,BR005,28618.34,SYNTHETIC_FIXED_ALLOCATION
2025-03-31,BR006,55693.52,SYNTHETIC_FIXED_ALLOCATION
2025-03-31,BR007,44413.10,SYNTHETIC_FIXED_ALLOCATION
2025-03-31,BR008,26925.72,SYNTHETIC_FIXED_ALLOCATION
2025-03-31,BR009,58230.34,SYNTHETIC_FIXED_ALLOCATION
2025-03-31,BR010,47096.14,SYNTHETIC_FIXED_ALLOCATION
2025-03-31,BR011,40848.80,SYNTHETIC_FIXED_ALLOCATION
2025-03-31,BR012,59900.23,SYNTHETIC_FIXED_ALLOCATION
2025-03-31,BR013,45876.22,SYNTHETIC_FIXED_ALLOCATION
2025-03-31,BR014,26516.67,SYNTHETIC_FIXED_ALLOCATION
2025-03-31,BR015,42268.75,SYNTHETIC_FIXED_ALLOCATION
2025-03-31,BR016,27201.88,SYNTHETIC_FIXED_ALLOCATION
2025-03-31,BR017,27614.55,SYNTHETIC_FIXED_ALLOCATION
2025-03-31,BR018,25505.31,SYNTHETIC_FIXED_ALLOCATION
2025-03-31,BR019,31848.61,SYNTHETIC_FIXED_ALLOCATION
2025-03-31,BR020,36676.93,SYNTHETIC_FIXED_ALLOCATION
2025-03-31,BR021,30658.44,SYNTHETIC_FIXED_ALLOCATION
2025-03-31,BR022,58544.98,SYNTHETIC_FIXED_ALLOCATION
2025-03-31,BR023,37630.09,SYNTHETIC_FIXED_ALLOCATION
2025-03-31,BR024,38603.89,SYNTHETIC_FIXED_ALLOCATION
2025-03-31,BR025,50376.94,SYNTHETIC_FIXED_ALLOCATION
2025-03-31,BR026,29023.25,SYNTHETIC_FIXED_ALLOCATION
2025-03-31,BR027,58856.25,SYNTHETIC_FIXED_ALLOCATION
2025-03-31,BR028,50818.43,SYNTHETIC_FIXED_ALLOCATION
2025-03-31,BR029,31999.05,SYNTHETIC_FIXED_ALLOCATION
2025-03-31,BR030,57387.14,SYNTHETIC_FIXED_ALLOCATION
2025-03-31,BR031,34978.16,SYNTHETIC_FIXED_ALLOCATION
2025-03-31,BR032,48996.81,SYNTHETIC_FIXED_ALLOCATION
2025-03-31,BR033,35594.99,SYNTHETIC_FIXED_ALLOCATION
2025-03-31,BR034,42830.01,SYNTHETIC_FIXED_ALLOCATION
2025-03-31,BR035,54823.18,SYNTHETIC_FIXED_ALLOCATION
2025-03-31,BR036,59975.43,SYNTHETIC_FIXED_ALLOCATION
2025-03-31,BR037,57135.18,SYNTHETIC_FIXED_ALLOCATION
2025-03-31,BR038,58773.27,SYNTHETIC_FIXED_ALLOCATION
2025-03-31,BR039,35851.94,SYNTHETIC_FIXED_ALLOCATION
2025-03-31,BR040,56331.05,SYNTHETIC_FIXED_ALLOCATION
2025-03-31,BR041,50414.22,SYNTHETIC_FIXED_ALLOCATION
2025-03-31,BR042,56867.27,SYNTHETIC_FIXED_ALLOCATION
2025-03-31,BR043,45402.37,SYNTHETIC_FIXED_ALLOCATION
2025-03-31,BR044,31532.71,SYNTHETIC_FIXED_ALLOCATION
2025-03-31,BR045,28528.87,SYNTHETIC_FIXED_ALLOCATION
2025-03-31,BR046,42558.56,SYNTHETIC_FIXED_ALLOCATION
2025-03-31,BR047,35352.64,SYNTHETIC_FIXED_ALLOCATION
2025-03-31,BR048,36374.45,SYNTHETIC_FIXED_ALLOCATION
2025-03-31,BR049,39404.15,SYNTHETIC_FIXED_ALLOCATION
2025-03-31,BR050,30334.02,SYNTHETIC_FIXED_ALLOCATION
2025-03-31,BR051,29197.26,SYNTHETIC_FIXED_ALLOCATION
2025-03-31,BR052,38256.24,SYNTHETIC_FIXED_ALLOCATION
2025-03-31,BR053,38056.38,SYNTHETIC_FIXED_ALLOCATION
2025-03-31,BR054,53124.12,SYNTHETIC_FIXED_ALLOCATION
2025-03-31,BR055,28778.70,SYNTHETIC_FIXED_ALLOCATION
2025-03-31,BR056,49036.52,SYNTHETIC_FIXED_ALLOCATION
2025-03-31,BR057,39545.31,SYNTHETIC_FIXED_ALLOCATION
2025-03-31,BR058,30453.39,SYNTHETIC_FIXED_ALLOCATION
2025-03-31,BR059,49494.13,SYNTHETIC_FIXED_ALLOCATION
2025-03-31,BR060,45652.58,SYNTHETIC_FIXED_ALLOCATION
2025-04-30,BR001,38244.73,SYNTHETIC_FIXED_ALLOCATION
2025-04-30,BR002,34568.55,SYNTHETIC_FIXED_ALLOCATION
2025-04-30,BR003,36145.68,SYNTHETIC_FIXED_ALLOCATION
2025-04-30,BR004,29183.65,SYNTHETIC_FIXED_ALLOCATION
2025-04-30,BR005,56972.28,SYNTHETIC_FIXED_ALLOCATION
2025-04-30,BR006,58839.71,SYNTHETIC_FIXED_ALLOCATION
2025-04-30,BR007,57571.25,SYNTHETIC_FIXED_ALLOCATION
2025-04-30,BR008,47181.98,SYNTHETIC_FIXED_ALLOCATION
2025-04-30,BR009,35452.98,SYNTHETIC_FIXED_ALLOCATION
2025-04-30,BR010,46041.97,SYNTHETIC_FIXED_ALLOCATION
2025-04-30,BR011,48144.23,SYNTHETIC_FIXED_ALLOCATION
2025-04-30,BR012,31036.16,SYNTHETIC_FIXED_ALLOCATION
2025-04-30,BR013,38604.60,SYNTHETIC_FIXED_ALLOCATION
2025-04-30,BR014,33233.95,SYNTHETIC_FIXED_ALLOCATION
2025-04-30,BR015,51668.86,SYNTHETIC_FIXED_ALLOCATION
2025-04-30,BR016,38038.59,SYNTHETIC_FIXED_ALLOCATION
2025-04-30,BR017,59602.18,SYNTHETIC_FIXED_ALLOCATION
2025-04-30,BR018,55357.08,SYNTHETIC_FIXED_ALLOCATION
2025-04-30,BR019,43496.32,SYNTHETIC_FIXED_ALLOCATION
2025-04-30,BR020,25039.05,SYNTHETIC_FIXED_ALLOCATION
2025-04-30,BR021,48915.57,SYNTHETIC_FIXED_ALLOCATION
2025-04-30,BR022,54213.01,SYNTHETIC_FIXED_ALLOCATION
2025-04-30,BR023,29626.50,SYNTHETIC_FIXED_ALLOCATION
2025-04-30,BR024,40362.39,SYNTHETIC_FIXED_ALLOCATION
2025-04-30,BR025,56711.17,SYNTHETIC_FIXED_ALLOCATION
2025-04-30,BR026,42377.98,SYNTHETIC_FIXED_ALLOCATION
2025-04-30,BR027,25293.91,SYNTHETIC_FIXED_ALLOCATION
2025-04-30,BR028,33374.83,SYNTHETIC_FIXED_ALLOCATION
2025-04-30,BR029,59067.08,SYNTHETIC_FIXED_ALLOCATION
2025-04-30,BR030,30591.90,SYNTHETIC_FIXED_ALLOCATION
2025-04-30,BR031,26620.93,SYNTHETIC_FIXED_ALLOCATION
2025-04-30,BR032,43278.36,SYNTHETIC_FIXED_ALLOCATION
2025-04-30,BR033,42144.34,SYNTHETIC_FIXED_ALLOCATION
2025-04-30,BR034,59581.35,SYNTHETIC_FIXED_ALLOCATION
2025-04-30,BR035,44204.79,SYNTHETIC_FIXED_ALLOCATION
2025-04-30,BR036,55307.25,SYNTHETIC_FIXED_ALLOCATION
2025-04-30,BR037,49490.37,SYNTHETIC_FIXED_ALLOCATION
2025-04-30,BR038,30836.69,SYNTHETIC_FIXED_ALLOCATION
2025-04-30,BR039,37599.24,SYNTHETIC_FIXED_ALLOCATION
2025-04-30,BR040,36898.27,SYNTHETIC_FIXED_ALLOCATION
2025-04-30,BR041,54551.38,SYNTHETIC_FIXED_ALLOCATION
2025-04-30,BR042,36590.89,SYNTHETIC_FIXED_ALLOCATION
2025-04-30,BR043,53852.28,SYNTHETIC_FIXED_ALLOCATION
2025-04-30,BR044,48366.84,SYNTHETIC_FIXED_ALLOCATION
2025-04-30,BR045,38294.16,SYNTHETIC_FIXED_ALLOCATION
2025-04-30,BR046,54794.48,SYNTHETIC_FIXED_ALLOCATION
2025-04-30,BR047,44986.66,SYNTHETIC_FIXED_ALLOCATION
2025-04-30,BR048,44780.35,SYNTHETIC_FIXED_ALLOCATION
2025-04-30,BR049,46222.48,SYNTHETIC_FIXED_ALLOCATION
2025-04-30,BR050,28840.79,SYNTHETIC_FIXED_ALLOCATION
2025-04-30,BR051,45221.79,SYNTHETIC_FIXED_ALLOCATION
2025-04-30,BR052,39941.13,SYNTHETIC_FIXED_ALLOCATION
2025-04-30,BR053,58921.20,SYNTHETIC_FIXED_ALLOCATION
2025-04-30,BR054,34798.34,SYNTHETIC_FIXED_ALLOCATION
2025-04-30,BR055,58237.77,SYNTHETIC_FIXED_ALLOCATION
2025-04-30,BR056,55845.36,SYNTHETIC_FIXED_ALLOCATION
2025-04-30,BR057,53019.58,SYNTHETIC_FIXED_ALLOCATION
2025-04-30,BR058,27770.78,SYNTHETIC_FIXED_ALLOCATION
2025-04-30,BR059,56822.25,SYNTHETIC_FIXED_ALLOCATION
2025-04-30,BR060,47928.37,SYNTHETIC_FIXED_ALLOCATION
2025-05-31,BR001,44680.54,SYNTHETIC_FIXED_ALLOCATION
2025-05-31,BR002,28615.15,SYNTHETIC_FIXED_ALLOCATION
2025-05-31,BR003,48303.21,SYNTHETIC_FIXED_ALLOCATION
2025-05-31,BR004,58302.16,SYNTHETIC_FIXED_ALLOCATION
2025-05-31,BR005,39189.28,SYNTHETIC_FIXED_ALLOCATION
2025-05-31,BR006,51282.08,SYNTHETIC_FIXED_ALLOCATION
2025-05-31,BR007,43111.83,SYNTHETIC_FIXED_ALLOCATION
2025-05-31,BR008,30721.87,SYNTHETIC_FIXED_ALLOCATION
2025-05-31,BR009,45485.06,SYNTHETIC_FIXED_ALLOCATION
2025-05-31,BR010,44042.32,SYNTHETIC_FIXED_ALLOCATION
2025-05-31,BR011,51946.48,SYNTHETIC_FIXED_ALLOCATION
2025-05-31,BR012,53443.00,SYNTHETIC_FIXED_ALLOCATION
2025-05-31,BR013,34760.26,SYNTHETIC_FIXED_ALLOCATION
2025-05-31,BR014,54106.26,SYNTHETIC_FIXED_ALLOCATION
2025-05-31,BR015,32014.52,SYNTHETIC_FIXED_ALLOCATION
2025-05-31,BR016,30670.78,SYNTHETIC_FIXED_ALLOCATION
2025-05-31,BR017,53539.65,SYNTHETIC_FIXED_ALLOCATION
2025-05-31,BR018,57571.98,SYNTHETIC_FIXED_ALLOCATION
2025-05-31,BR019,41757.92,SYNTHETIC_FIXED_ALLOCATION
2025-05-31,BR020,35031.86,SYNTHETIC_FIXED_ALLOCATION
2025-05-31,BR021,29966.78,SYNTHETIC_FIXED_ALLOCATION
2025-05-31,BR022,49248.79,SYNTHETIC_FIXED_ALLOCATION
2025-05-31,BR023,39466.70,SYNTHETIC_FIXED_ALLOCATION
2025-05-31,BR024,50472.19,SYNTHETIC_FIXED_ALLOCATION
2025-05-31,BR025,26483.46,SYNTHETIC_FIXED_ALLOCATION
2025-05-31,BR026,25517.69,SYNTHETIC_FIXED_ALLOCATION
2025-05-31,BR027,26991.91,SYNTHETIC_FIXED_ALLOCATION
2025-05-31,BR028,45119.08,SYNTHETIC_FIXED_ALLOCATION
2025-05-31,BR029,31521.91,SYNTHETIC_FIXED_ALLOCATION
2025-05-31,BR030,40172.68,SYNTHETIC_FIXED_ALLOCATION
2025-05-31,BR031,43152.05,SYNTHETIC_FIXED_ALLOCATION
2025-05-31,BR032,40907.92,SYNTHETIC_FIXED_ALLOCATION
2025-05-31,BR033,59907.55,SYNTHETIC_FIXED_ALLOCATION
2025-05-31,BR034,40887.88,SYNTHETIC_FIXED_ALLOCATION
2025-05-31,BR035,31999.56,SYNTHETIC_FIXED_ALLOCATION
2025-05-31,BR036,40185.26,SYNTHETIC_FIXED_ALLOCATION
2025-05-31,BR037,29410.63,SYNTHETIC_FIXED_ALLOCATION
2025-05-31,BR038,39294.89,SYNTHETIC_FIXED_ALLOCATION
2025-05-31,BR039,51641.38,SYNTHETIC_FIXED_ALLOCATION
2025-05-31,BR040,41515.10,SYNTHETIC_FIXED_ALLOCATION
2025-05-31,BR041,26038.68,SYNTHETIC_FIXED_ALLOCATION
2025-05-31,BR042,39660.50,SYNTHETIC_FIXED_ALLOCATION
2025-05-31,BR043,45047.02,SYNTHETIC_FIXED_ALLOCATION
2025-05-31,BR044,41576.71,SYNTHETIC_FIXED_ALLOCATION
2025-05-31,BR045,44289.91,SYNTHETIC_FIXED_ALLOCATION
2025-05-31,BR046,33376.10,SYNTHETIC_FIXED_ALLOCATION
2025-05-31,BR047,41598.82,SYNTHETIC_FIXED_ALLOCATION
2025-05-31,BR048,53590.00,SYNTHETIC_FIXED_ALLOCATION
2025-05-31,BR049,28028.75,SYNTHETIC_FIXED_ALLOCATION
2025-05-31,BR050,28751.65,SYNTHETIC_FIXED_ALLOCATION
2025-05-31,BR051,54967.05,SYNTHETIC_FIXED_ALLOCATION
2025-05-31,BR052,29668.78,SYNTHETIC_FIXED_ALLOCATION
2025-05-31,BR053,57197.54,SYNTHETIC_FIXED_ALLOCATION
2025-05-31,BR054,46751.67,SYNTHETIC_FIXED_ALLOCATION
2025-05-31,BR055,48955.64,SYNTHETIC_FIXED_ALLOCATION
2025-05-31,BR056,52245.30,SYNTHETIC_FIXED_ALLOCATION
2025-05-31,BR057,32278.28,SYNTHETIC_FIXED_ALLOCATION
2025-05-31,BR058,51764.45,SYNTHETIC_FIXED_ALLOCATION
2025-05-31,BR059,55715.53,SYNTHETIC_FIXED_ALLOCATION
2025-05-31,BR060,28756.66,SYNTHETIC_FIXED_ALLOCATION
2025-06-30,BR001,58989.44,SYNTHETIC_FIXED_ALLOCATION
2025-06-30,BR002,49125.09,SYNTHETIC_FIXED_ALLOCATION
2025-06-30,BR003,30295.73,SYNTHETIC_FIXED_ALLOCATION
2025-06-30,BR004,55811.32,SYNTHETIC_FIXED_ALLOCATION
2025-06-30,BR005,49749.06,SYNTHETIC_FIXED_ALLOCATION
2025-06-30,BR006,40838.17,SYNTHETIC_FIXED_ALLOCATION
2025-06-30,BR007,59009.31,SYNTHETIC_FIXED_ALLOCATION
2025-06-30,BR008,54311.76,SYNTHETIC_FIXED_ALLOCATION
2025-06-30,BR009,49116.62,SYNTHETIC_FIXED_ALLOCATION
2025-06-30,BR010,52838.42,SYNTHETIC_FIXED_ALLOCATION
2025-06-30,BR011,44039.69,SYNTHETIC_FIXED_ALLOCATION
2025-06-30,BR012,46335.01,SYNTHETIC_FIXED_ALLOCATION
2025-06-30,BR013,39485.30,SYNTHETIC_FIXED_ALLOCATION
2025-06-30,BR014,34912.16,SYNTHETIC_FIXED_ALLOCATION
2025-06-30,BR015,45228.18,SYNTHETIC_FIXED_ALLOCATION
2025-06-30,BR016,33890.12,SYNTHETIC_FIXED_ALLOCATION
2025-06-30,BR017,41105.60,SYNTHETIC_FIXED_ALLOCATION
2025-06-30,BR018,26688.91,SYNTHETIC_FIXED_ALLOCATION
2025-06-30,BR019,25628.76,SYNTHETIC_FIXED_ALLOCATION
2025-06-30,BR020,56617.40,SYNTHETIC_FIXED_ALLOCATION
2025-06-30,BR021,53661.69,SYNTHETIC_FIXED_ALLOCATION
2025-06-30,BR022,30797.24,SYNTHETIC_FIXED_ALLOCATION
2025-06-30,BR023,48714.17,SYNTHETIC_FIXED_ALLOCATION
2025-06-30,BR024,43417.41,SYNTHETIC_FIXED_ALLOCATION
2025-06-30,BR025,48008.86,SYNTHETIC_FIXED_ALLOCATION
2025-06-30,BR026,40680.14,SYNTHETIC_FIXED_ALLOCATION
2025-06-30,BR027,45454.60,SYNTHETIC_FIXED_ALLOCATION
2025-06-30,BR028,31251.81,SYNTHETIC_FIXED_ALLOCATION
2025-06-30,BR029,25636.26,SYNTHETIC_FIXED_ALLOCATION
2025-06-30,BR030,56637.69,SYNTHETIC_FIXED_ALLOCATION
2025-06-30,BR031,52832.03,SYNTHETIC_FIXED_ALLOCATION
2025-06-30,BR032,55612.05,SYNTHETIC_FIXED_ALLOCATION
2025-06-30,BR033,25552.87,SYNTHETIC_FIXED_ALLOCATION
2025-06-30,BR034,40218.22,SYNTHETIC_FIXED_ALLOCATION
2025-06-30,BR035,47413.95,SYNTHETIC_FIXED_ALLOCATION
2025-06-30,BR036,29651.71,SYNTHETIC_FIXED_ALLOCATION
2025-06-30,BR037,34643.53,SYNTHETIC_FIXED_ALLOCATION
2025-06-30,BR038,33276.79,SYNTHETIC_FIXED_ALLOCATION
2025-06-30,BR039,25510.76,SYNTHETIC_FIXED_ALLOCATION
2025-06-30,BR040,55923.66,SYNTHETIC_FIXED_ALLOCATION
2025-06-30,BR041,26134.68,SYNTHETIC_FIXED_ALLOCATION
2025-06-30,BR042,26235.19,SYNTHETIC_FIXED_ALLOCATION
2025-06-30,BR043,30227.95,SYNTHETIC_FIXED_ALLOCATION
2025-06-30,BR044,53838.36,SYNTHETIC_FIXED_ALLOCATION
2025-06-30,BR045,28815.05,SYNTHETIC_FIXED_ALLOCATION
2025-06-30,BR046,34545.77,SYNTHETIC_FIXED_ALLOCATION
2025-06-30,BR047,36041.98,SYNTHETIC_FIXED_ALLOCATION
2025-06-30,BR048,59152.66,SYNTHETIC_FIXED_ALLOCATION
2025-06-30,BR049,30260.26,SYNTHETIC_FIXED_ALLOCATION
2025-06-30,BR050,43303.62,SYNTHETIC_FIXED_ALLOCATION
2025-06-30,BR051,39957.48,SYNTHETIC_FIXED_ALLOCATION
2025-06-30,BR052,59964.29,SYNTHETIC_FIXED_ALLOCATION
2025-06-30,BR053,41569.39,SYNTHETIC_FIXED_ALLOCATION
2025-06-30,BR054,53465.91,SYNTHETIC_FIXED_ALLOCATION
2025-06-30,BR055,56569.52,SYNTHETIC_FIXED_ALLOCATION
2025-06-30,BR056,48346.82,SYNTHETIC_FIXED_ALLOCATION
2025-06-30,BR057,28178.23,SYNTHETIC_FIXED_ALLOCATION
2025-06-30,BR058,25882.24,SYNTHETIC_FIXED_ALLOCATION
2025-06-30,BR059,39521.02,SYNTHETIC_FIXED_ALLOCATION
2025-06-30,BR060,47749.94,SYNTHETIC_FIXED_ALLOCATION
2025-07-31,BR001,32252.80,SYNTHETIC_FIXED_ALLOCATION
2025-07-31,BR002,53658.76,SYNTHETIC_FIXED_ALLOCATION
2025-07-31,BR003,25786.09,SYNTHETIC_FIXED_ALLOCATION
2025-07-31,BR004,33567.61,SYNTHETIC_FIXED_ALLOCATION
2025-07-31,BR005,43586.86,SYNTHETIC_FIXED_ALLOCATION
2025-07-31,BR006,48955.63,SYNTHETIC_FIXED_ALLOCATION
2025-07-31,BR007,52437.88,SYNTHETIC_FIXED_ALLOCATION
2025-07-31,BR008,34554.70,SYNTHETIC_FIXED_ALLOCATION
2025-07-31,BR009,57804.87,SYNTHETIC_FIXED_ALLOCATION
2025-07-31,BR010,27440.88,SYNTHETIC_FIXED_ALLOCATION
2025-07-31,BR011,58088.84,SYNTHETIC_FIXED_ALLOCATION
2025-07-31,BR012,57360.78,SYNTHETIC_FIXED_ALLOCATION
2025-07-31,BR013,56758.66,SYNTHETIC_FIXED_ALLOCATION
2025-07-31,BR014,44281.21,SYNTHETIC_FIXED_ALLOCATION
2025-07-31,BR015,49436.49,SYNTHETIC_FIXED_ALLOCATION
2025-07-31,BR016,42080.95,SYNTHETIC_FIXED_ALLOCATION
2025-07-31,BR017,49511.59,SYNTHETIC_FIXED_ALLOCATION
2025-07-31,BR018,57236.37,SYNTHETIC_FIXED_ALLOCATION
2025-07-31,BR019,28087.36,SYNTHETIC_FIXED_ALLOCATION
2025-07-31,BR020,39449.19,SYNTHETIC_FIXED_ALLOCATION
2025-07-31,BR021,58476.70,SYNTHETIC_FIXED_ALLOCATION
2025-07-31,BR022,39527.97,SYNTHETIC_FIXED_ALLOCATION
2025-07-31,BR023,42535.57,SYNTHETIC_FIXED_ALLOCATION
2025-07-31,BR024,49235.77,SYNTHETIC_FIXED_ALLOCATION
2025-07-31,BR025,54641.85,SYNTHETIC_FIXED_ALLOCATION
2025-07-31,BR026,34269.87,SYNTHETIC_FIXED_ALLOCATION
2025-07-31,BR027,47790.85,SYNTHETIC_FIXED_ALLOCATION
2025-07-31,BR028,59636.65,SYNTHETIC_FIXED_ALLOCATION
2025-07-31,BR029,46847.12,SYNTHETIC_FIXED_ALLOCATION
2025-07-31,BR030,32283.75,SYNTHETIC_FIXED_ALLOCATION
2025-07-31,BR031,45639.90,SYNTHETIC_FIXED_ALLOCATION
2025-07-31,BR032,44055.80,SYNTHETIC_FIXED_ALLOCATION
2025-07-31,BR033,53250.92,SYNTHETIC_FIXED_ALLOCATION
2025-07-31,BR034,51588.36,SYNTHETIC_FIXED_ALLOCATION
2025-07-31,BR035,42218.64,SYNTHETIC_FIXED_ALLOCATION
2025-07-31,BR036,40709.47,SYNTHETIC_FIXED_ALLOCATION
2025-07-31,BR037,37579.25,SYNTHETIC_FIXED_ALLOCATION
2025-07-31,BR038,28277.34,SYNTHETIC_FIXED_ALLOCATION
2025-07-31,BR039,30821.30,SYNTHETIC_FIXED_ALLOCATION
2025-07-31,BR040,41253.16,SYNTHETIC_FIXED_ALLOCATION
2025-07-31,BR041,51031.98,SYNTHETIC_FIXED_ALLOCATION
2025-07-31,BR042,44448.78,SYNTHETIC_FIXED_ALLOCATION
2025-07-31,BR043,51689.44,SYNTHETIC_FIXED_ALLOCATION
2025-07-31,BR044,42392.63,SYNTHETIC_FIXED_ALLOCATION
2025-07-31,BR045,59234.57,SYNTHETIC_FIXED_ALLOCATION
2025-07-31,BR046,46586.97,SYNTHETIC_FIXED_ALLOCATION
2025-07-31,BR047,45574.60,SYNTHETIC_FIXED_ALLOCATION
2025-07-31,BR048,41451.13,SYNTHETIC_FIXED_ALLOCATION
2025-07-31,BR049,41643.04,SYNTHETIC_FIXED_ALLOCATION
2025-07-31,BR050,42403.36,SYNTHETIC_FIXED_ALLOCATION
2025-07-31,BR051,37966.87,SYNTHETIC_FIXED_ALLOCATION
2025-07-31,BR052,43383.41,SYNTHETIC_FIXED_ALLOCATION
2025-07-31,BR053,42121.94,SYNTHETIC_FIXED_ALLOCATION
2025-07-31,BR054,44044.79,SYNTHETIC_FIXED_ALLOCATION
2025-07-31,BR055,35298.54,SYNTHETIC_FIXED_ALLOCATION
2025-07-31,BR056,30890.05,SYNTHETIC_FIXED_ALLOCATION
2025-07-31,BR057,43847.09,SYNTHETIC_FIXED_ALLOCATION
2025-07-31,BR058,31894.32,SYNTHETIC_FIXED_ALLOCATION
2025-07-31,BR059,47135.17,SYNTHETIC_FIXED_ALLOCATION
2025-07-31,BR060,35404.64,SYNTHETIC_FIXED_ALLOCATION
2025-08-31,BR001,43685.24,SYNTHETIC_FIXED_ALLOCATION
2025-08-31,BR002,50809.62,SYNTHETIC_FIXED_ALLOCATION
2025-08-31,BR003,50833.55,SYNTHETIC_FIXED_ALLOCATION
2025-08-31,BR004,53877.92,SYNTHETIC_FIXED_ALLOCATION
2025-08-31,BR005,45093.98,SYNTHETIC_FIXED_ALLOCATION
2025-08-31,BR006,40198.48,SYNTHETIC_FIXED_ALLOCATION
2025-08-31,BR007,39945.74,SYNTHETIC_FIXED_ALLOCATION
2025-08-31,BR008,50964.25,SYNTHETIC_FIXED_ALLOCATION
2025-08-31,BR009,55781.39,SYNTHETIC_FIXED_ALLOCATION
2025-08-31,BR010,47398.62,SYNTHETIC_FIXED_ALLOCATION
2025-08-31,BR011,44113.23,SYNTHETIC_FIXED_ALLOCATION
2025-08-31,BR012,37561.69,SYNTHETIC_FIXED_ALLOCATION
2025-08-31,BR013,41103.27,SYNTHETIC_FIXED_ALLOCATION
2025-08-31,BR014,55224.96,SYNTHETIC_FIXED_ALLOCATION
2025-08-31,BR015,40743.68,SYNTHETIC_FIXED_ALLOCATION
2025-08-31,BR016,54831.38,SYNTHETIC_FIXED_ALLOCATION
2025-08-31,BR017,45556.80,SYNTHETIC_FIXED_ALLOCATION
2025-08-31,BR018,40581.65,SYNTHETIC_FIXED_ALLOCATION
2025-08-31,BR019,27812.33,SYNTHETIC_FIXED_ALLOCATION
2025-08-31,BR020,48008.28,SYNTHETIC_FIXED_ALLOCATION
2025-08-31,BR021,59766.84,SYNTHETIC_FIXED_ALLOCATION
2025-08-31,BR022,52535.19,SYNTHETIC_FIXED_ALLOCATION
2025-08-31,BR023,44915.49,SYNTHETIC_FIXED_ALLOCATION
2025-08-31,BR024,25078.07,SYNTHETIC_FIXED_ALLOCATION
2025-08-31,BR025,27035.52,SYNTHETIC_FIXED_ALLOCATION
2025-08-31,BR026,34225.93,SYNTHETIC_FIXED_ALLOCATION
2025-08-31,BR027,25318.43,SYNTHETIC_FIXED_ALLOCATION
2025-08-31,BR028,49480.75,SYNTHETIC_FIXED_ALLOCATION
2025-08-31,BR029,34512.69,SYNTHETIC_FIXED_ALLOCATION
2025-08-31,BR030,46728.00,SYNTHETIC_FIXED_ALLOCATION
2025-08-31,BR031,38476.47,SYNTHETIC_FIXED_ALLOCATION
2025-08-31,BR032,59475.86,SYNTHETIC_FIXED_ALLOCATION
2025-08-31,BR033,50573.42,SYNTHETIC_FIXED_ALLOCATION
2025-08-31,BR034,33589.63,SYNTHETIC_FIXED_ALLOCATION
2025-08-31,BR035,42373.16,SYNTHETIC_FIXED_ALLOCATION
2025-08-31,BR036,42335.13,SYNTHETIC_FIXED_ALLOCATION
2025-08-31,BR037,36049.07,SYNTHETIC_FIXED_ALLOCATION
2025-08-31,BR038,31336.41,SYNTHETIC_FIXED_ALLOCATION
2025-08-31,BR039,42327.06,SYNTHETIC_FIXED_ALLOCATION
2025-08-31,BR040,47125.84,SYNTHETIC_FIXED_ALLOCATION
2025-08-31,BR041,45462.62,SYNTHETIC_FIXED_ALLOCATION
2025-08-31,BR042,29521.45,SYNTHETIC_FIXED_ALLOCATION
2025-08-31,BR043,31195.23,SYNTHETIC_FIXED_ALLOCATION
2025-08-31,BR044,43527.61,SYNTHETIC_FIXED_ALLOCATION
2025-08-31,BR045,32183.40,SYNTHETIC_FIXED_ALLOCATION
2025-08-31,BR046,42949.83,SYNTHETIC_FIXED_ALLOCATION
2025-08-31,BR047,36004.78,SYNTHETIC_FIXED_ALLOCATION
2025-08-31,BR048,38450.41,SYNTHETIC_FIXED_ALLOCATION
2025-08-31,BR049,25315.05,SYNTHETIC_FIXED_ALLOCATION
2025-08-31,BR050,39029.42,SYNTHETIC_FIXED_ALLOCATION
2025-08-31,BR051,33020.34,SYNTHETIC_FIXED_ALLOCATION
2025-08-31,BR052,41633.49,SYNTHETIC_FIXED_ALLOCATION
2025-08-31,BR053,26661.89,SYNTHETIC_FIXED_ALLOCATION
2025-08-31,BR054,45107.03,SYNTHETIC_FIXED_ALLOCATION
2025-08-31,BR055,40754.06,SYNTHETIC_FIXED_ALLOCATION
2025-08-31,BR056,34572.81,SYNTHETIC_FIXED_ALLOCATION
2025-08-31,BR057,56761.54,SYNTHETIC_FIXED_ALLOCATION
2025-08-31,BR058,30226.64,SYNTHETIC_FIXED_ALLOCATION
2025-08-31,BR059,35949.06,SYNTHETIC_FIXED_ALLOCATION
2025-08-31,BR060,37655.69,SYNTHETIC_FIXED_ALLOCATION
2025-09-30,BR001,50142.23,SYNTHETIC_FIXED_ALLOCATION
2025-09-30,BR002,55049.20,SYNTHETIC_FIXED_ALLOCATION
2025-09-30,BR003,40380.50,SYNTHETIC_FIXED_ALLOCATION
2025-09-30,BR004,48835.12,SYNTHETIC_FIXED_ALLOCATION
2025-09-30,BR005,30469.71,SYNTHETIC_FIXED_ALLOCATION
2025-09-30,BR006,45191.06,SYNTHETIC_FIXED_ALLOCATION
2025-09-30,BR007,33804.49,SYNTHETIC_FIXED_ALLOCATION
2025-09-30,BR008,34104.49,SYNTHETIC_FIXED_ALLOCATION
2025-09-30,BR009,39164.80,SYNTHETIC_FIXED_ALLOCATION
2025-09-30,BR010,30170.53,SYNTHETIC_FIXED_ALLOCATION
2025-09-30,BR011,57841.40,SYNTHETIC_FIXED_ALLOCATION
2025-09-30,BR012,52540.83,SYNTHETIC_FIXED_ALLOCATION
2025-09-30,BR013,48633.80,SYNTHETIC_FIXED_ALLOCATION
2025-09-30,BR014,51588.52,SYNTHETIC_FIXED_ALLOCATION
2025-09-30,BR015,34333.29,SYNTHETIC_FIXED_ALLOCATION
2025-09-30,BR016,31952.20,SYNTHETIC_FIXED_ALLOCATION
2025-09-30,BR017,51118.25,SYNTHETIC_FIXED_ALLOCATION
2025-09-30,BR018,38716.20,SYNTHETIC_FIXED_ALLOCATION
2025-09-30,BR019,54725.23,SYNTHETIC_FIXED_ALLOCATION
2025-09-30,BR020,26463.00,SYNTHETIC_FIXED_ALLOCATION
2025-09-30,BR021,49303.58,SYNTHETIC_FIXED_ALLOCATION
2025-09-30,BR022,33317.60,SYNTHETIC_FIXED_ALLOCATION
2025-09-30,BR023,57104.25,SYNTHETIC_FIXED_ALLOCATION
2025-09-30,BR024,57021.33,SYNTHETIC_FIXED_ALLOCATION
2025-09-30,BR025,40883.22,SYNTHETIC_FIXED_ALLOCATION
2025-09-30,BR026,34335.95,SYNTHETIC_FIXED_ALLOCATION
2025-09-30,BR027,59308.60,SYNTHETIC_FIXED_ALLOCATION
2025-09-30,BR028,55187.87,SYNTHETIC_FIXED_ALLOCATION
2025-09-30,BR029,51088.37,SYNTHETIC_FIXED_ALLOCATION
2025-09-30,BR030,59280.34,SYNTHETIC_FIXED_ALLOCATION
2025-09-30,BR031,42381.32,SYNTHETIC_FIXED_ALLOCATION
2025-09-30,BR032,31895.36,SYNTHETIC_FIXED_ALLOCATION
2025-09-30,BR033,47816.54,SYNTHETIC_FIXED_ALLOCATION
2025-09-30,BR034,41422.89,SYNTHETIC_FIXED_ALLOCATION
2025-09-30,BR035,41136.45,SYNTHETIC_FIXED_ALLOCATION
2025-09-30,BR036,40916.94,SYNTHETIC_FIXED_ALLOCATION
2025-09-30,BR037,46149.28,SYNTHETIC_FIXED_ALLOCATION
2025-09-30,BR038,49278.06,SYNTHETIC_FIXED_ALLOCATION
2025-09-30,BR039,26593.34,SYNTHETIC_FIXED_ALLOCATION
2025-09-30,BR040,37855.08,SYNTHETIC_FIXED_ALLOCATION
2025-09-30,BR041,37093.20,SYNTHETIC_FIXED_ALLOCATION
2025-09-30,BR042,31576.05,SYNTHETIC_FIXED_ALLOCATION
2025-09-30,BR043,39227.61,SYNTHETIC_FIXED_ALLOCATION
2025-09-30,BR044,57362.30,SYNTHETIC_FIXED_ALLOCATION
2025-09-30,BR045,40924.00,SYNTHETIC_FIXED_ALLOCATION
2025-09-30,BR046,35558.28,SYNTHETIC_FIXED_ALLOCATION
2025-09-30,BR047,59222.72,SYNTHETIC_FIXED_ALLOCATION
2025-09-30,BR048,58418.44,SYNTHETIC_FIXED_ALLOCATION
2025-09-30,BR049,50103.33,SYNTHETIC_FIXED_ALLOCATION
2025-09-30,BR050,33113.37,SYNTHETIC_FIXED_ALLOCATION
2025-09-30,BR051,28052.25,SYNTHETIC_FIXED_ALLOCATION
2025-09-30,BR052,57401.28,SYNTHETIC_FIXED_ALLOCATION
2025-09-30,BR053,56015.09,SYNTHETIC_FIXED_ALLOCATION
2025-09-30,BR054,38120.95,SYNTHETIC_FIXED_ALLOCATION
2025-09-30,BR055,43744.58,SYNTHETIC_FIXED_ALLOCATION
2025-09-30,BR056,45118.58,SYNTHETIC_FIXED_ALLOCATION
2025-09-30,BR057,46489.85,SYNTHETIC_FIXED_ALLOCATION
2025-09-30,BR058,47661.60,SYNTHETIC_FIXED_ALLOCATION
2025-09-30,BR059,54900.57,SYNTHETIC_FIXED_ALLOCATION
2025-09-30,BR060,52765.51,SYNTHETIC_FIXED_ALLOCATION
2025-10-31,BR001,27948.97,SYNTHETIC_FIXED_ALLOCATION
2025-10-31,BR002,52823.67,SYNTHETIC_FIXED_ALLOCATION
2025-10-31,BR003,36377.98,SYNTHETIC_FIXED_ALLOCATION
2025-10-31,BR004,53537.56,SYNTHETIC_FIXED_ALLOCATION
2025-10-31,BR005,52324.68,SYNTHETIC_FIXED_ALLOCATION
2025-10-31,BR006,45597.28,SYNTHETIC_FIXED_ALLOCATION
2025-10-31,BR007,48645.08,SYNTHETIC_FIXED_ALLOCATION
2025-10-31,BR008,48640.70,SYNTHETIC_FIXED_ALLOCATION
2025-10-31,BR009,45240.62,SYNTHETIC_FIXED_ALLOCATION
2025-10-31,BR010,38073.93,SYNTHETIC_FIXED_ALLOCATION
2025-10-31,BR011,45056.29,SYNTHETIC_FIXED_ALLOCATION
2025-10-31,BR012,49875.05,SYNTHETIC_FIXED_ALLOCATION
2025-10-31,BR013,59740.32,SYNTHETIC_FIXED_ALLOCATION
2025-10-31,BR014,37804.64,SYNTHETIC_FIXED_ALLOCATION
2025-10-31,BR015,27249.54,SYNTHETIC_FIXED_ALLOCATION
2025-10-31,BR016,55327.96,SYNTHETIC_FIXED_ALLOCATION
2025-10-31,BR017,30473.01,SYNTHETIC_FIXED_ALLOCATION
2025-10-31,BR018,49081.53,SYNTHETIC_FIXED_ALLOCATION
2025-10-31,BR019,57643.12,SYNTHETIC_FIXED_ALLOCATION
2025-10-31,BR020,55723.61,SYNTHETIC_FIXED_ALLOCATION
2025-10-31,BR021,41506.74,SYNTHETIC_FIXED_ALLOCATION
2025-10-31,BR022,36390.70,SYNTHETIC_FIXED_ALLOCATION
2025-10-31,BR023,53761.24,SYNTHETIC_FIXED_ALLOCATION
2025-10-31,BR024,48515.36,SYNTHETIC_FIXED_ALLOCATION
2025-10-31,BR025,32513.49,SYNTHETIC_FIXED_ALLOCATION
2025-10-31,BR026,51006.33,SYNTHETIC_FIXED_ALLOCATION
2025-10-31,BR027,54961.18,SYNTHETIC_FIXED_ALLOCATION
2025-10-31,BR028,52798.91,SYNTHETIC_FIXED_ALLOCATION
2025-10-31,BR029,56315.62,SYNTHETIC_FIXED_ALLOCATION
2025-10-31,BR030,31680.95,SYNTHETIC_FIXED_ALLOCATION
2025-10-31,BR031,33798.56,SYNTHETIC_FIXED_ALLOCATION
2025-10-31,BR032,49303.37,SYNTHETIC_FIXED_ALLOCATION
2025-10-31,BR033,45700.71,SYNTHETIC_FIXED_ALLOCATION
2025-10-31,BR034,51156.17,SYNTHETIC_FIXED_ALLOCATION
2025-10-31,BR035,37656.42,SYNTHETIC_FIXED_ALLOCATION
2025-10-31,BR036,48194.04,SYNTHETIC_FIXED_ALLOCATION
2025-10-31,BR037,34230.25,SYNTHETIC_FIXED_ALLOCATION
2025-10-31,BR038,35870.21,SYNTHETIC_FIXED_ALLOCATION
2025-10-31,BR039,26935.30,SYNTHETIC_FIXED_ALLOCATION
2025-10-31,BR040,37331.30,SYNTHETIC_FIXED_ALLOCATION
2025-10-31,BR041,32808.79,SYNTHETIC_FIXED_ALLOCATION
2025-10-31,BR042,28217.77,SYNTHETIC_FIXED_ALLOCATION
2025-10-31,BR043,58066.79,SYNTHETIC_FIXED_ALLOCATION
2025-10-31,BR044,26699.50,SYNTHETIC_FIXED_ALLOCATION
2025-10-31,BR045,44593.89,SYNTHETIC_FIXED_ALLOCATION
2025-10-31,BR046,25780.21,SYNTHETIC_FIXED_ALLOCATION
2025-10-31,BR047,50789.11,SYNTHETIC_FIXED_ALLOCATION
2025-10-31,BR048,43675.95,SYNTHETIC_FIXED_ALLOCATION
2025-10-31,BR049,29581.55,SYNTHETIC_FIXED_ALLOCATION
2025-10-31,BR050,38600.96,SYNTHETIC_FIXED_ALLOCATION
2025-10-31,BR051,46641.00,SYNTHETIC_FIXED_ALLOCATION
2025-10-31,BR052,57717.99,SYNTHETIC_FIXED_ALLOCATION
2025-10-31,BR053,29942.23,SYNTHETIC_FIXED_ALLOCATION
2025-10-31,BR054,25969.98,SYNTHETIC_FIXED_ALLOCATION
2025-10-31,BR055,47562.04,SYNTHETIC_FIXED_ALLOCATION
2025-10-31,BR056,34902.24,SYNTHETIC_FIXED_ALLOCATION
2025-10-31,BR057,38603.04,SYNTHETIC_FIXED_ALLOCATION
2025-10-31,BR058,25679.55,SYNTHETIC_FIXED_ALLOCATION
2025-10-31,BR059,31884.29,SYNTHETIC_FIXED_ALLOCATION
2025-10-31,BR060,28939.06,SYNTHETIC_FIXED_ALLOCATION
2025-11-30,BR001,43435.22,SYNTHETIC_FIXED_ALLOCATION
2025-11-30,BR002,30035.05,SYNTHETIC_FIXED_ALLOCATION
2025-11-30,BR003,35169.85,SYNTHETIC_FIXED_ALLOCATION
2025-11-30,BR004,46775.22,SYNTHETIC_FIXED_ALLOCATION
2025-11-30,BR005,47283.51,SYNTHETIC_FIXED_ALLOCATION
2025-11-30,BR006,32926.71,SYNTHETIC_FIXED_ALLOCATION
2025-11-30,BR007,44904.71,SYNTHETIC_FIXED_ALLOCATION
2025-11-30,BR008,32317.35,SYNTHETIC_FIXED_ALLOCATION
2025-11-30,BR009,59555.41,SYNTHETIC_FIXED_ALLOCATION
2025-11-30,BR010,49686.43,SYNTHETIC_FIXED_ALLOCATION
2025-11-30,BR011,56838.54,SYNTHETIC_FIXED_ALLOCATION
2025-11-30,BR012,50739.36,SYNTHETIC_FIXED_ALLOCATION
2025-11-30,BR013,32471.95,SYNTHETIC_FIXED_ALLOCATION
2025-11-30,BR014,32111.90,SYNTHETIC_FIXED_ALLOCATION
2025-11-30,BR015,48883.26,SYNTHETIC_FIXED_ALLOCATION
2025-11-30,BR016,32010.21,SYNTHETIC_FIXED_ALLOCATION
2025-11-30,BR017,30145.57,SYNTHETIC_FIXED_ALLOCATION
2025-11-30,BR018,33895.40,SYNTHETIC_FIXED_ALLOCATION
2025-11-30,BR019,58919.45,SYNTHETIC_FIXED_ALLOCATION
2025-11-30,BR020,55608.93,SYNTHETIC_FIXED_ALLOCATION
2025-11-30,BR021,38472.60,SYNTHETIC_FIXED_ALLOCATION
2025-11-30,BR022,36552.50,SYNTHETIC_FIXED_ALLOCATION
2025-11-30,BR023,49433.78,SYNTHETIC_FIXED_ALLOCATION
2025-11-30,BR024,25568.84,SYNTHETIC_FIXED_ALLOCATION
2025-11-30,BR025,42424.88,SYNTHETIC_FIXED_ALLOCATION
2025-11-30,BR026,57860.57,SYNTHETIC_FIXED_ALLOCATION
2025-11-30,BR027,54659.02,SYNTHETIC_FIXED_ALLOCATION
2025-11-30,BR028,35504.32,SYNTHETIC_FIXED_ALLOCATION
2025-11-30,BR029,44067.80,SYNTHETIC_FIXED_ALLOCATION
2025-11-30,BR030,25287.48,SYNTHETIC_FIXED_ALLOCATION
2025-11-30,BR031,47017.28,SYNTHETIC_FIXED_ALLOCATION
2025-11-30,BR032,59887.26,SYNTHETIC_FIXED_ALLOCATION
2025-11-30,BR033,42464.19,SYNTHETIC_FIXED_ALLOCATION
2025-11-30,BR034,52956.99,SYNTHETIC_FIXED_ALLOCATION
2025-11-30,BR035,46284.70,SYNTHETIC_FIXED_ALLOCATION
2025-11-30,BR036,53466.59,SYNTHETIC_FIXED_ALLOCATION
2025-11-30,BR037,47011.24,SYNTHETIC_FIXED_ALLOCATION
2025-11-30,BR038,30883.00,SYNTHETIC_FIXED_ALLOCATION
2025-11-30,BR039,36272.81,SYNTHETIC_FIXED_ALLOCATION
2025-11-30,BR040,55530.76,SYNTHETIC_FIXED_ALLOCATION
2025-11-30,BR041,37183.89,SYNTHETIC_FIXED_ALLOCATION
2025-11-30,BR042,29980.15,SYNTHETIC_FIXED_ALLOCATION
2025-11-30,BR043,39673.38,SYNTHETIC_FIXED_ALLOCATION
2025-11-30,BR044,54636.86,SYNTHETIC_FIXED_ALLOCATION
2025-11-30,BR045,32951.66,SYNTHETIC_FIXED_ALLOCATION
2025-11-30,BR046,40453.38,SYNTHETIC_FIXED_ALLOCATION
2025-11-30,BR047,26668.93,SYNTHETIC_FIXED_ALLOCATION
2025-11-30,BR048,53123.45,SYNTHETIC_FIXED_ALLOCATION
2025-11-30,BR049,36922.00,SYNTHETIC_FIXED_ALLOCATION
2025-11-30,BR050,50441.33,SYNTHETIC_FIXED_ALLOCATION
2025-11-30,BR051,36318.12,SYNTHETIC_FIXED_ALLOCATION
2025-11-30,BR052,50877.20,SYNTHETIC_FIXED_ALLOCATION
2025-11-30,BR053,33555.67,SYNTHETIC_FIXED_ALLOCATION
2025-11-30,BR054,55206.21,SYNTHETIC_FIXED_ALLOCATION
2025-11-30,BR055,39951.29,SYNTHETIC_FIXED_ALLOCATION
2025-11-30,BR056,33351.42,SYNTHETIC_FIXED_ALLOCATION
2025-11-30,BR057,40844.49,SYNTHETIC_FIXED_ALLOCATION
2025-11-30,BR058,46124.09,SYNTHETIC_FIXED_ALLOCATION
2025-11-30,BR059,29042.00,SYNTHETIC_FIXED_ALLOCATION
2025-11-30,BR060,52569.38,SYNTHETIC_FIXED_ALLOCATION
2025-12-31,BR001,56421.03,SYNTHETIC_FIXED_ALLOCATION
2025-12-31,BR002,53236.04,SYNTHETIC_FIXED_ALLOCATION
2025-12-31,BR003,39788.75,SYNTHETIC_FIXED_ALLOCATION
2025-12-31,BR004,45675.79,SYNTHETIC_FIXED_ALLOCATION
2025-12-31,BR005,59955.40,SYNTHETIC_FIXED_ALLOCATION
2025-12-31,BR006,33848.14,SYNTHETIC_FIXED_ALLOCATION
2025-12-31,BR007,28172.40,SYNTHETIC_FIXED_ALLOCATION
2025-12-31,BR008,36496.06,SYNTHETIC_FIXED_ALLOCATION
2025-12-31,BR009,57835.97,SYNTHETIC_FIXED_ALLOCATION
2025-12-31,BR010,51231.29,SYNTHETIC_FIXED_ALLOCATION
2025-12-31,BR011,36560.12,SYNTHETIC_FIXED_ALLOCATION
2025-12-31,BR012,33017.37,SYNTHETIC_FIXED_ALLOCATION
2025-12-31,BR013,33758.16,SYNTHETIC_FIXED_ALLOCATION
2025-12-31,BR014,51267.74,SYNTHETIC_FIXED_ALLOCATION
2025-12-31,BR015,46227.61,SYNTHETIC_FIXED_ALLOCATION
2025-12-31,BR016,26302.29,SYNTHETIC_FIXED_ALLOCATION
2025-12-31,BR017,40990.57,SYNTHETIC_FIXED_ALLOCATION
2025-12-31,BR018,46748.36,SYNTHETIC_FIXED_ALLOCATION
2025-12-31,BR019,39144.39,SYNTHETIC_FIXED_ALLOCATION
2025-12-31,BR020,36506.84,SYNTHETIC_FIXED_ALLOCATION
2025-12-31,BR021,31237.44,SYNTHETIC_FIXED_ALLOCATION
2025-12-31,BR022,34680.97,SYNTHETIC_FIXED_ALLOCATION
2025-12-31,BR023,32357.58,SYNTHETIC_FIXED_ALLOCATION
2025-12-31,BR024,59091.09,SYNTHETIC_FIXED_ALLOCATION
2025-12-31,BR025,30292.34,SYNTHETIC_FIXED_ALLOCATION
2025-12-31,BR026,58273.83,SYNTHETIC_FIXED_ALLOCATION
2025-12-31,BR027,29770.94,SYNTHETIC_FIXED_ALLOCATION
2025-12-31,BR028,50904.70,SYNTHETIC_FIXED_ALLOCATION
2025-12-31,BR029,45162.42,SYNTHETIC_FIXED_ALLOCATION
2025-12-31,BR030,51011.02,SYNTHETIC_FIXED_ALLOCATION
2025-12-31,BR031,54025.47,SYNTHETIC_FIXED_ALLOCATION
2025-12-31,BR032,56942.59,SYNTHETIC_FIXED_ALLOCATION
2025-12-31,BR033,27465.70,SYNTHETIC_FIXED_ALLOCATION
2025-12-31,BR034,34497.60,SYNTHETIC_FIXED_ALLOCATION
2025-12-31,BR035,46879.28,SYNTHETIC_FIXED_ALLOCATION
2025-12-31,BR036,39133.04,SYNTHETIC_FIXED_ALLOCATION
2025-12-31,BR037,30196.61,SYNTHETIC_FIXED_ALLOCATION
2025-12-31,BR038,25952.85,SYNTHETIC_FIXED_ALLOCATION
2025-12-31,BR039,34980.35,SYNTHETIC_FIXED_ALLOCATION
2025-12-31,BR040,44441.66,SYNTHETIC_FIXED_ALLOCATION
2025-12-31,BR041,33580.38,SYNTHETIC_FIXED_ALLOCATION
2025-12-31,BR042,51360.34,SYNTHETIC_FIXED_ALLOCATION
2025-12-31,BR043,59277.40,SYNTHETIC_FIXED_ALLOCATION
2025-12-31,BR044,48191.90,SYNTHETIC_FIXED_ALLOCATION
2025-12-31,BR045,29136.99,SYNTHETIC_FIXED_ALLOCATION
2025-12-31,BR046,31211.63,SYNTHETIC_FIXED_ALLOCATION
2025-12-31,BR047,39769.76,SYNTHETIC_FIXED_ALLOCATION
2025-12-31,BR048,32372.09,SYNTHETIC_FIXED_ALLOCATION
2025-12-31,BR049,56014.18,SYNTHETIC_FIXED_ALLOCATION
2025-12-31,BR050,49176.49,SYNTHETIC_FIXED_ALLOCATION
2025-12-31,BR051,59035.16,SYNTHETIC_FIXED_ALLOCATION
2025-12-31,BR052,44228.59,SYNTHETIC_FIXED_ALLOCATION
2025-12-31,BR053,37967.43,SYNTHETIC_FIXED_ALLOCATION
2025-12-31,BR054,34035.30,SYNTHETIC_FIXED_ALLOCATION
2025-12-31,BR055,54532.99,SYNTHETIC_FIXED_ALLOCATION
2025-12-31,BR056,50616.24,SYNTHETIC_FIXED_ALLOCATION
2025-12-31,BR057,53710.67,SYNTHETIC_FIXED_ALLOCATION
2025-12-31,BR058,26874.77,SYNTHETIC_FIXED_ALLOCATION
2025-12-31,BR059,28298.46,SYNTHETIC_FIXED_ALLOCATION
2025-12-31,BR060,33985.96,SYNTHETIC_FIXED_ALLOCATION
2026-01-31,BR001,48305.71,SYNTHETIC_FIXED_ALLOCATION
2026-01-31,BR002,48038.27,SYNTHETIC_FIXED_ALLOCATION
2026-01-31,BR003,27795.04,SYNTHETIC_FIXED_ALLOCATION
2026-01-31,BR004,59578.09,SYNTHETIC_FIXED_ALLOCATION
2026-01-31,BR005,52364.45,SYNTHETIC_FIXED_ALLOCATION
2026-01-31,BR006,25008.32,SYNTHETIC_FIXED_ALLOCATION
2026-01-31,BR007,29396.02,SYNTHETIC_FIXED_ALLOCATION
2026-01-31,BR008,47546.01,SYNTHETIC_FIXED_ALLOCATION
2026-01-31,BR009,52646.61,SYNTHETIC_FIXED_ALLOCATION
2026-01-31,BR010,29672.48,SYNTHETIC_FIXED_ALLOCATION
2026-01-31,BR011,46336.56,SYNTHETIC_FIXED_ALLOCATION
2026-01-31,BR012,50785.45,SYNTHETIC_FIXED_ALLOCATION
2026-01-31,BR013,50843.16,SYNTHETIC_FIXED_ALLOCATION
2026-01-31,BR014,35710.79,SYNTHETIC_FIXED_ALLOCATION
2026-01-31,BR015,44820.94,SYNTHETIC_FIXED_ALLOCATION
2026-01-31,BR016,56334.21,SYNTHETIC_FIXED_ALLOCATION
2026-01-31,BR017,27938.08,SYNTHETIC_FIXED_ALLOCATION
2026-01-31,BR018,45160.11,SYNTHETIC_FIXED_ALLOCATION
2026-01-31,BR019,44741.54,SYNTHETIC_FIXED_ALLOCATION
2026-01-31,BR020,50957.16,SYNTHETIC_FIXED_ALLOCATION
2026-01-31,BR021,32451.52,SYNTHETIC_FIXED_ALLOCATION
2026-01-31,BR022,58671.00,SYNTHETIC_FIXED_ALLOCATION
2026-01-31,BR023,45432.47,SYNTHETIC_FIXED_ALLOCATION
2026-01-31,BR024,52735.30,SYNTHETIC_FIXED_ALLOCATION
2026-01-31,BR025,26688.42,SYNTHETIC_FIXED_ALLOCATION
2026-01-31,BR026,34780.44,SYNTHETIC_FIXED_ALLOCATION
2026-01-31,BR027,36695.80,SYNTHETIC_FIXED_ALLOCATION
2026-01-31,BR028,28810.33,SYNTHETIC_FIXED_ALLOCATION
2026-01-31,BR029,55846.81,SYNTHETIC_FIXED_ALLOCATION
2026-01-31,BR030,49091.94,SYNTHETIC_FIXED_ALLOCATION
2026-01-31,BR031,33716.31,SYNTHETIC_FIXED_ALLOCATION
2026-01-31,BR032,38685.48,SYNTHETIC_FIXED_ALLOCATION
2026-01-31,BR033,33791.45,SYNTHETIC_FIXED_ALLOCATION
2026-01-31,BR034,43369.99,SYNTHETIC_FIXED_ALLOCATION
2026-01-31,BR035,53955.25,SYNTHETIC_FIXED_ALLOCATION
2026-01-31,BR036,41756.40,SYNTHETIC_FIXED_ALLOCATION
2026-01-31,BR037,50739.57,SYNTHETIC_FIXED_ALLOCATION
2026-01-31,BR038,52653.47,SYNTHETIC_FIXED_ALLOCATION
2026-01-31,BR039,54016.32,SYNTHETIC_FIXED_ALLOCATION
2026-01-31,BR040,25271.61,SYNTHETIC_FIXED_ALLOCATION
2026-01-31,BR041,56637.02,SYNTHETIC_FIXED_ALLOCATION
2026-01-31,BR042,35625.98,SYNTHETIC_FIXED_ALLOCATION
2026-01-31,BR043,52857.59,SYNTHETIC_FIXED_ALLOCATION
2026-01-31,BR044,44744.25,SYNTHETIC_FIXED_ALLOCATION
2026-01-31,BR045,28460.01,SYNTHETIC_FIXED_ALLOCATION
2026-01-31,BR046,40650.44,SYNTHETIC_FIXED_ALLOCATION
2026-01-31,BR047,25710.18,SYNTHETIC_FIXED_ALLOCATION
2026-01-31,BR048,45758.99,SYNTHETIC_FIXED_ALLOCATION
2026-01-31,BR049,59766.03,SYNTHETIC_FIXED_ALLOCATION
2026-01-31,BR050,47117.96,SYNTHETIC_FIXED_ALLOCATION
2026-01-31,BR051,44589.89,SYNTHETIC_FIXED_ALLOCATION
2026-01-31,BR052,33282.89,SYNTHETIC_FIXED_ALLOCATION
2026-01-31,BR053,37833.01,SYNTHETIC_FIXED_ALLOCATION
2026-01-31,BR054,38150.32,SYNTHETIC_FIXED_ALLOCATION
2026-01-31,BR055,31453.15,SYNTHETIC_FIXED_ALLOCATION
2026-01-31,BR056,35488.65,SYNTHETIC_FIXED_ALLOCATION
2026-01-31,BR057,27022.66,SYNTHETIC_FIXED_ALLOCATION
2026-01-31,BR058,59622.61,SYNTHETIC_FIXED_ALLOCATION
2026-01-31,BR059,36717.83,SYNTHETIC_FIXED_ALLOCATION
2026-01-31,BR060,53132.83,SYNTHETIC_FIXED_ALLOCATION
2026-02-28,BR001,28993.65,SYNTHETIC_FIXED_ALLOCATION
2026-02-28,BR002,43630.40,SYNTHETIC_FIXED_ALLOCATION
2026-02-28,BR003,56690.74,SYNTHETIC_FIXED_ALLOCATION
2026-02-28,BR004,40480.75,SYNTHETIC_FIXED_ALLOCATION
2026-02-28,BR005,57953.40,SYNTHETIC_FIXED_ALLOCATION
2026-02-28,BR006,26296.69,SYNTHETIC_FIXED_ALLOCATION
2026-02-28,BR007,44008.91,SYNTHETIC_FIXED_ALLOCATION
2026-02-28,BR008,38196.98,SYNTHETIC_FIXED_ALLOCATION
2026-02-28,BR009,55239.83,SYNTHETIC_FIXED_ALLOCATION
2026-02-28,BR010,58731.70,SYNTHETIC_FIXED_ALLOCATION
2026-02-28,BR011,30160.64,SYNTHETIC_FIXED_ALLOCATION
2026-02-28,BR012,26966.99,SYNTHETIC_FIXED_ALLOCATION
2026-02-28,BR013,53872.98,SYNTHETIC_FIXED_ALLOCATION
2026-02-28,BR014,25792.61,SYNTHETIC_FIXED_ALLOCATION
2026-02-28,BR015,41420.84,SYNTHETIC_FIXED_ALLOCATION
2026-02-28,BR016,58106.05,SYNTHETIC_FIXED_ALLOCATION
2026-02-28,BR017,48045.21,SYNTHETIC_FIXED_ALLOCATION
2026-02-28,BR018,50133.17,SYNTHETIC_FIXED_ALLOCATION
2026-02-28,BR019,40593.45,SYNTHETIC_FIXED_ALLOCATION
2026-02-28,BR020,34876.73,SYNTHETIC_FIXED_ALLOCATION
2026-02-28,BR021,48101.83,SYNTHETIC_FIXED_ALLOCATION
2026-02-28,BR022,46995.70,SYNTHETIC_FIXED_ALLOCATION
2026-02-28,BR023,55955.43,SYNTHETIC_FIXED_ALLOCATION
2026-02-28,BR024,54910.30,SYNTHETIC_FIXED_ALLOCATION
2026-02-28,BR025,55174.11,SYNTHETIC_FIXED_ALLOCATION
2026-02-28,BR026,44343.87,SYNTHETIC_FIXED_ALLOCATION
2026-02-28,BR027,29958.80,SYNTHETIC_FIXED_ALLOCATION
2026-02-28,BR028,48510.54,SYNTHETIC_FIXED_ALLOCATION
2026-02-28,BR029,50242.44,SYNTHETIC_FIXED_ALLOCATION
2026-02-28,BR030,28732.97,SYNTHETIC_FIXED_ALLOCATION
2026-02-28,BR031,33912.99,SYNTHETIC_FIXED_ALLOCATION
2026-02-28,BR032,55101.49,SYNTHETIC_FIXED_ALLOCATION
2026-02-28,BR033,27635.66,SYNTHETIC_FIXED_ALLOCATION
2026-02-28,BR034,32020.04,SYNTHETIC_FIXED_ALLOCATION
2026-02-28,BR035,56272.21,SYNTHETIC_FIXED_ALLOCATION
2026-02-28,BR036,47911.43,SYNTHETIC_FIXED_ALLOCATION
2026-02-28,BR037,37476.07,SYNTHETIC_FIXED_ALLOCATION
2026-02-28,BR038,49863.67,SYNTHETIC_FIXED_ALLOCATION
2026-02-28,BR039,55436.90,SYNTHETIC_FIXED_ALLOCATION
2026-02-28,BR040,58918.51,SYNTHETIC_FIXED_ALLOCATION
2026-02-28,BR041,47821.80,SYNTHETIC_FIXED_ALLOCATION
2026-02-28,BR042,36982.68,SYNTHETIC_FIXED_ALLOCATION
2026-02-28,BR043,43894.36,SYNTHETIC_FIXED_ALLOCATION
2026-02-28,BR044,39690.67,SYNTHETIC_FIXED_ALLOCATION
2026-02-28,BR045,28797.32,SYNTHETIC_FIXED_ALLOCATION
2026-02-28,BR046,28576.63,SYNTHETIC_FIXED_ALLOCATION
2026-02-28,BR047,42208.33,SYNTHETIC_FIXED_ALLOCATION
2026-02-28,BR048,28626.14,SYNTHETIC_FIXED_ALLOCATION
2026-02-28,BR049,58235.95,SYNTHETIC_FIXED_ALLOCATION
2026-02-28,BR050,43611.19,SYNTHETIC_FIXED_ALLOCATION
2026-02-28,BR051,55682.72,SYNTHETIC_FIXED_ALLOCATION
2026-02-28,BR052,47756.46,SYNTHETIC_FIXED_ALLOCATION
2026-02-28,BR053,36686.49,SYNTHETIC_FIXED_ALLOCATION
2026-02-28,BR054,50146.72,SYNTHETIC_FIXED_ALLOCATION
2026-02-28,BR055,53297.33,SYNTHETIC_FIXED_ALLOCATION
2026-02-28,BR056,34555.28,SYNTHETIC_FIXED_ALLOCATION
2026-02-28,BR057,33369.91,SYNTHETIC_FIXED_ALLOCATION
2026-02-28,BR058,48159.71,SYNTHETIC_FIXED_ALLOCATION
2026-02-28,BR059,38214.95,SYNTHETIC_FIXED_ALLOCATION
2026-02-28,BR060,48975.70,SYNTHETIC_FIXED_ALLOCATION
2026-03-31,BR001,52444.06,SYNTHETIC_FIXED_ALLOCATION
2026-03-31,BR002,57425.83,SYNTHETIC_FIXED_ALLOCATION
2026-03-31,BR003,27834.34,SYNTHETIC_FIXED_ALLOCATION
2026-03-31,BR004,26196.68,SYNTHETIC_FIXED_ALLOCATION
2026-03-31,BR005,43276.85,SYNTHETIC_FIXED_ALLOCATION
2026-03-31,BR006,42440.43,SYNTHETIC_FIXED_ALLOCATION
2026-03-31,BR007,59961.01,SYNTHETIC_FIXED_ALLOCATION
2026-03-31,BR008,49466.68,SYNTHETIC_FIXED_ALLOCATION
2026-03-31,BR009,41670.76,SYNTHETIC_FIXED_ALLOCATION
2026-03-31,BR010,37822.97,SYNTHETIC_FIXED_ALLOCATION
2026-03-31,BR011,44034.73,SYNTHETIC_FIXED_ALLOCATION
2026-03-31,BR012,33923.60,SYNTHETIC_FIXED_ALLOCATION
2026-03-31,BR013,39149.68,SYNTHETIC_FIXED_ALLOCATION
2026-03-31,BR014,31695.62,SYNTHETIC_FIXED_ALLOCATION
2026-03-31,BR015,59756.38,SYNTHETIC_FIXED_ALLOCATION
2026-03-31,BR016,47365.62,SYNTHETIC_FIXED_ALLOCATION
2026-03-31,BR017,56882.04,SYNTHETIC_FIXED_ALLOCATION
2026-03-31,BR018,38042.21,SYNTHETIC_FIXED_ALLOCATION
2026-03-31,BR019,44928.62,SYNTHETIC_FIXED_ALLOCATION
2026-03-31,BR020,56420.22,SYNTHETIC_FIXED_ALLOCATION
2026-03-31,BR021,44659.63,SYNTHETIC_FIXED_ALLOCATION
2026-03-31,BR022,31343.82,SYNTHETIC_FIXED_ALLOCATION
2026-03-31,BR023,49107.37,SYNTHETIC_FIXED_ALLOCATION
2026-03-31,BR024,25217.86,SYNTHETIC_FIXED_ALLOCATION
2026-03-31,BR025,53187.43,SYNTHETIC_FIXED_ALLOCATION
2026-03-31,BR026,47443.88,SYNTHETIC_FIXED_ALLOCATION
2026-03-31,BR027,26574.80,SYNTHETIC_FIXED_ALLOCATION
2026-03-31,BR028,42169.73,SYNTHETIC_FIXED_ALLOCATION
2026-03-31,BR029,27873.23,SYNTHETIC_FIXED_ALLOCATION
2026-03-31,BR030,45043.47,SYNTHETIC_FIXED_ALLOCATION
2026-03-31,BR031,38745.63,SYNTHETIC_FIXED_ALLOCATION
2026-03-31,BR032,35496.10,SYNTHETIC_FIXED_ALLOCATION
2026-03-31,BR033,56103.07,SYNTHETIC_FIXED_ALLOCATION
2026-03-31,BR034,54449.36,SYNTHETIC_FIXED_ALLOCATION
2026-03-31,BR035,35902.65,SYNTHETIC_FIXED_ALLOCATION
2026-03-31,BR036,33162.73,SYNTHETIC_FIXED_ALLOCATION
2026-03-31,BR037,55085.15,SYNTHETIC_FIXED_ALLOCATION
2026-03-31,BR038,30165.35,SYNTHETIC_FIXED_ALLOCATION
2026-03-31,BR039,37184.06,SYNTHETIC_FIXED_ALLOCATION
2026-03-31,BR040,39276.68,SYNTHETIC_FIXED_ALLOCATION
2026-03-31,BR041,52500.93,SYNTHETIC_FIXED_ALLOCATION
2026-03-31,BR042,35623.86,SYNTHETIC_FIXED_ALLOCATION
2026-03-31,BR043,26665.29,SYNTHETIC_FIXED_ALLOCATION
2026-03-31,BR044,27786.60,SYNTHETIC_FIXED_ALLOCATION
2026-03-31,BR045,34931.39,SYNTHETIC_FIXED_ALLOCATION
2026-03-31,BR046,28105.21,SYNTHETIC_FIXED_ALLOCATION
2026-03-31,BR047,35251.22,SYNTHETIC_FIXED_ALLOCATION
2026-03-31,BR048,37275.90,SYNTHETIC_FIXED_ALLOCATION
2026-03-31,BR049,51067.54,SYNTHETIC_FIXED_ALLOCATION
2026-03-31,BR050,55845.98,SYNTHETIC_FIXED_ALLOCATION
2026-03-31,BR051,55886.25,SYNTHETIC_FIXED_ALLOCATION
2026-03-31,BR052,44786.49,SYNTHETIC_FIXED_ALLOCATION
2026-03-31,BR053,37993.60,SYNTHETIC_FIXED_ALLOCATION
2026-03-31,BR054,56764.54,SYNTHETIC_FIXED_ALLOCATION
2026-03-31,BR055,53641.75,SYNTHETIC_FIXED_ALLOCATION
2026-03-31,BR056,43802.40,SYNTHETIC_FIXED_ALLOCATION
2026-03-31,BR057,47567.24,SYNTHETIC_FIXED_ALLOCATION
2026-03-31,BR058,51026.08,SYNTHETIC_FIXED_ALLOCATION
2026-03-31,BR059,27739.08,SYNTHETIC_FIXED_ALLOCATION
2026-03-31,BR060,45712.48,SYNTHETIC_FIXED_ALLOCATION
2026-04-30,BR001,42125.20,SYNTHETIC_FIXED_ALLOCATION
2026-04-30,BR002,55226.33,SYNTHETIC_FIXED_ALLOCATION
2026-04-30,BR003,38267.48,SYNTHETIC_FIXED_ALLOCATION
2026-04-30,BR004,32453.12,SYNTHETIC_FIXED_ALLOCATION
2026-04-30,BR005,38418.40,SYNTHETIC_FIXED_ALLOCATION
2026-04-30,BR006,58608.25,SYNTHETIC_FIXED_ALLOCATION
2026-04-30,BR007,57698.87,SYNTHETIC_FIXED_ALLOCATION
2026-04-30,BR008,57922.79,SYNTHETIC_FIXED_ALLOCATION
2026-04-30,BR009,30087.56,SYNTHETIC_FIXED_ALLOCATION
2026-04-30,BR010,51459.03,SYNTHETIC_FIXED_ALLOCATION
2026-04-30,BR011,29896.01,SYNTHETIC_FIXED_ALLOCATION
2026-04-30,BR012,54753.22,SYNTHETIC_FIXED_ALLOCATION
2026-04-30,BR013,59959.62,SYNTHETIC_FIXED_ALLOCATION
2026-04-30,BR014,48451.04,SYNTHETIC_FIXED_ALLOCATION
2026-04-30,BR015,41168.72,SYNTHETIC_FIXED_ALLOCATION
2026-04-30,BR016,37059.33,SYNTHETIC_FIXED_ALLOCATION
2026-04-30,BR017,31974.20,SYNTHETIC_FIXED_ALLOCATION
2026-04-30,BR018,46905.62,SYNTHETIC_FIXED_ALLOCATION
2026-04-30,BR019,33296.39,SYNTHETIC_FIXED_ALLOCATION
2026-04-30,BR020,58502.28,SYNTHETIC_FIXED_ALLOCATION
2026-04-30,BR021,30052.43,SYNTHETIC_FIXED_ALLOCATION
2026-04-30,BR022,40218.40,SYNTHETIC_FIXED_ALLOCATION
2026-04-30,BR023,30916.89,SYNTHETIC_FIXED_ALLOCATION
2026-04-30,BR024,56678.69,SYNTHETIC_FIXED_ALLOCATION
2026-04-30,BR025,33978.36,SYNTHETIC_FIXED_ALLOCATION
2026-04-30,BR026,53559.32,SYNTHETIC_FIXED_ALLOCATION
2026-04-30,BR027,57550.42,SYNTHETIC_FIXED_ALLOCATION
2026-04-30,BR028,40340.11,SYNTHETIC_FIXED_ALLOCATION
2026-04-30,BR029,26494.94,SYNTHETIC_FIXED_ALLOCATION
2026-04-30,BR030,27590.00,SYNTHETIC_FIXED_ALLOCATION
2026-04-30,BR031,47941.86,SYNTHETIC_FIXED_ALLOCATION
2026-04-30,BR032,36029.62,SYNTHETIC_FIXED_ALLOCATION
2026-04-30,BR033,26636.90,SYNTHETIC_FIXED_ALLOCATION
2026-04-30,BR034,50224.24,SYNTHETIC_FIXED_ALLOCATION
2026-04-30,BR035,38140.10,SYNTHETIC_FIXED_ALLOCATION
2026-04-30,BR036,31787.38,SYNTHETIC_FIXED_ALLOCATION
2026-04-30,BR037,26642.36,SYNTHETIC_FIXED_ALLOCATION
2026-04-30,BR038,41724.41,SYNTHETIC_FIXED_ALLOCATION
2026-04-30,BR039,49471.68,SYNTHETIC_FIXED_ALLOCATION
2026-04-30,BR040,46777.85,SYNTHETIC_FIXED_ALLOCATION
2026-04-30,BR041,27268.41,SYNTHETIC_FIXED_ALLOCATION
2026-04-30,BR042,26799.53,SYNTHETIC_FIXED_ALLOCATION
2026-04-30,BR043,29435.52,SYNTHETIC_FIXED_ALLOCATION
2026-04-30,BR044,59686.11,SYNTHETIC_FIXED_ALLOCATION
2026-04-30,BR045,49303.82,SYNTHETIC_FIXED_ALLOCATION
2026-04-30,BR046,29243.62,SYNTHETIC_FIXED_ALLOCATION
2026-04-30,BR047,47706.21,SYNTHETIC_FIXED_ALLOCATION
2026-04-30,BR048,50742.44,SYNTHETIC_FIXED_ALLOCATION
2026-04-30,BR049,34498.74,SYNTHETIC_FIXED_ALLOCATION
2026-04-30,BR050,55224.93,SYNTHETIC_FIXED_ALLOCATION
2026-04-30,BR051,40245.02,SYNTHETIC_FIXED_ALLOCATION
2026-04-30,BR052,32834.59,SYNTHETIC_FIXED_ALLOCATION
2026-04-30,BR053,49957.58,SYNTHETIC_FIXED_ALLOCATION
2026-04-30,BR054,39661.37,SYNTHETIC_FIXED_ALLOCATION
2026-04-30,BR055,56512.23,SYNTHETIC_FIXED_ALLOCATION
2026-04-30,BR056,32513.14,SYNTHETIC_FIXED_ALLOCATION
2026-04-30,BR057,25972.88,SYNTHETIC_FIXED_ALLOCATION
2026-04-30,BR058,39878.41,SYNTHETIC_FIXED_ALLOCATION
2026-04-30,BR059,34441.96,SYNTHETIC_FIXED_ALLOCATION
2026-04-30,BR060,33509.71,SYNTHETIC_FIXED_ALLOCATION
2026-05-31,BR001,29912.24,SYNTHETIC_FIXED_ALLOCATION
2026-05-31,BR002,45967.15,SYNTHETIC_FIXED_ALLOCATION
2026-05-31,BR003,51047.54,SYNTHETIC_FIXED_ALLOCATION
2026-05-31,BR004,34280.75,SYNTHETIC_FIXED_ALLOCATION
2026-05-31,BR005,45840.95,SYNTHETIC_FIXED_ALLOCATION
2026-05-31,BR006,39350.95,SYNTHETIC_FIXED_ALLOCATION
2026-05-31,BR007,56900.82,SYNTHETIC_FIXED_ALLOCATION
2026-05-31,BR008,38598.47,SYNTHETIC_FIXED_ALLOCATION
2026-05-31,BR009,43619.11,SYNTHETIC_FIXED_ALLOCATION
2026-05-31,BR010,51443.11,SYNTHETIC_FIXED_ALLOCATION
2026-05-31,BR011,55307.53,SYNTHETIC_FIXED_ALLOCATION
2026-05-31,BR012,26989.94,SYNTHETIC_FIXED_ALLOCATION
2026-05-31,BR013,59540.16,SYNTHETIC_FIXED_ALLOCATION
2026-05-31,BR014,57600.72,SYNTHETIC_FIXED_ALLOCATION
2026-05-31,BR015,43675.63,SYNTHETIC_FIXED_ALLOCATION
2026-05-31,BR016,34238.07,SYNTHETIC_FIXED_ALLOCATION
2026-05-31,BR017,48947.36,SYNTHETIC_FIXED_ALLOCATION
2026-05-31,BR018,55572.46,SYNTHETIC_FIXED_ALLOCATION
2026-05-31,BR019,54960.86,SYNTHETIC_FIXED_ALLOCATION
2026-05-31,BR020,51735.87,SYNTHETIC_FIXED_ALLOCATION
2026-05-31,BR021,57044.37,SYNTHETIC_FIXED_ALLOCATION
2026-05-31,BR022,55384.29,SYNTHETIC_FIXED_ALLOCATION
2026-05-31,BR023,42239.80,SYNTHETIC_FIXED_ALLOCATION
2026-05-31,BR024,50334.80,SYNTHETIC_FIXED_ALLOCATION
2026-05-31,BR025,55751.11,SYNTHETIC_FIXED_ALLOCATION
2026-05-31,BR026,56992.14,SYNTHETIC_FIXED_ALLOCATION
2026-05-31,BR027,34605.22,SYNTHETIC_FIXED_ALLOCATION
2026-05-31,BR028,50719.76,SYNTHETIC_FIXED_ALLOCATION
2026-05-31,BR029,33878.34,SYNTHETIC_FIXED_ALLOCATION
2026-05-31,BR030,58439.92,SYNTHETIC_FIXED_ALLOCATION
2026-05-31,BR031,35075.93,SYNTHETIC_FIXED_ALLOCATION
2026-05-31,BR032,30251.99,SYNTHETIC_FIXED_ALLOCATION
2026-05-31,BR033,37630.66,SYNTHETIC_FIXED_ALLOCATION
2026-05-31,BR034,58310.79,SYNTHETIC_FIXED_ALLOCATION
2026-05-31,BR035,27874.65,SYNTHETIC_FIXED_ALLOCATION
2026-05-31,BR036,51658.78,SYNTHETIC_FIXED_ALLOCATION
2026-05-31,BR037,58874.60,SYNTHETIC_FIXED_ALLOCATION
2026-05-31,BR038,51755.00,SYNTHETIC_FIXED_ALLOCATION
2026-05-31,BR039,52149.70,SYNTHETIC_FIXED_ALLOCATION
2026-05-31,BR040,43572.00,SYNTHETIC_FIXED_ALLOCATION
2026-05-31,BR041,35637.68,SYNTHETIC_FIXED_ALLOCATION
2026-05-31,BR042,36495.70,SYNTHETIC_FIXED_ALLOCATION
2026-05-31,BR043,58901.77,SYNTHETIC_FIXED_ALLOCATION
2026-05-31,BR044,40525.48,SYNTHETIC_FIXED_ALLOCATION
2026-05-31,BR045,30127.57,SYNTHETIC_FIXED_ALLOCATION
2026-05-31,BR046,26156.82,SYNTHETIC_FIXED_ALLOCATION
2026-05-31,BR047,59438.68,SYNTHETIC_FIXED_ALLOCATION
2026-05-31,BR048,58876.34,SYNTHETIC_FIXED_ALLOCATION
2026-05-31,BR049,38309.36,SYNTHETIC_FIXED_ALLOCATION
2026-05-31,BR050,36305.42,SYNTHETIC_FIXED_ALLOCATION
2026-05-31,BR051,59290.24,SYNTHETIC_FIXED_ALLOCATION
2026-05-31,BR052,51315.76,SYNTHETIC_FIXED_ALLOCATION
2026-05-31,BR053,37111.51,SYNTHETIC_FIXED_ALLOCATION
2026-05-31,BR054,51404.32,SYNTHETIC_FIXED_ALLOCATION
2026-05-31,BR055,53314.25,SYNTHETIC_FIXED_ALLOCATION
2026-05-31,BR056,53104.56,SYNTHETIC_FIXED_ALLOCATION
2026-05-31,BR057,32691.54,SYNTHETIC_FIXED_ALLOCATION
2026-05-31,BR058,42533.14,SYNTHETIC_FIXED_ALLOCATION
2026-05-31,BR059,29591.67,SYNTHETIC_FIXED_ALLOCATION
2026-05-31,BR060,56626.88,SYNTHETIC_FIXED_ALLOCATION
2026-06-30,BR001,40451.86,SYNTHETIC_FIXED_ALLOCATION
2026-06-30,BR002,55124.55,SYNTHETIC_FIXED_ALLOCATION
2026-06-30,BR003,33892.95,SYNTHETIC_FIXED_ALLOCATION
2026-06-30,BR004,29852.72,SYNTHETIC_FIXED_ALLOCATION
2026-06-30,BR005,53102.30,SYNTHETIC_FIXED_ALLOCATION
2026-06-30,BR006,36038.84,SYNTHETIC_FIXED_ALLOCATION
2026-06-30,BR007,45511.68,SYNTHETIC_FIXED_ALLOCATION
2026-06-30,BR008,30388.92,SYNTHETIC_FIXED_ALLOCATION
2026-06-30,BR009,35313.98,SYNTHETIC_FIXED_ALLOCATION
2026-06-30,BR010,28226.50,SYNTHETIC_FIXED_ALLOCATION
2026-06-30,BR011,32759.51,SYNTHETIC_FIXED_ALLOCATION
2026-06-30,BR012,39596.87,SYNTHETIC_FIXED_ALLOCATION
2026-06-30,BR013,39286.81,SYNTHETIC_FIXED_ALLOCATION
2026-06-30,BR014,27156.33,SYNTHETIC_FIXED_ALLOCATION
2026-06-30,BR015,35960.21,SYNTHETIC_FIXED_ALLOCATION
2026-06-30,BR016,27080.88,SYNTHETIC_FIXED_ALLOCATION
2026-06-30,BR017,33576.31,SYNTHETIC_FIXED_ALLOCATION
2026-06-30,BR018,56183.48,SYNTHETIC_FIXED_ALLOCATION
2026-06-30,BR019,38687.06,SYNTHETIC_FIXED_ALLOCATION
2026-06-30,BR020,35710.04,SYNTHETIC_FIXED_ALLOCATION
2026-06-30,BR021,34872.13,SYNTHETIC_FIXED_ALLOCATION
2026-06-30,BR022,33726.55,SYNTHETIC_FIXED_ALLOCATION
2026-06-30,BR023,46705.38,SYNTHETIC_FIXED_ALLOCATION
2026-06-30,BR024,56392.51,SYNTHETIC_FIXED_ALLOCATION
2026-06-30,BR025,31303.73,SYNTHETIC_FIXED_ALLOCATION
2026-06-30,BR026,31420.13,SYNTHETIC_FIXED_ALLOCATION
2026-06-30,BR027,46886.95,SYNTHETIC_FIXED_ALLOCATION
2026-06-30,BR028,50882.29,SYNTHETIC_FIXED_ALLOCATION
2026-06-30,BR029,41929.31,SYNTHETIC_FIXED_ALLOCATION
2026-06-30,BR030,34655.53,SYNTHETIC_FIXED_ALLOCATION
2026-06-30,BR031,29949.08,SYNTHETIC_FIXED_ALLOCATION
2026-06-30,BR032,25002.71,SYNTHETIC_FIXED_ALLOCATION
2026-06-30,BR033,28263.67,SYNTHETIC_FIXED_ALLOCATION
2026-06-30,BR034,27673.47,SYNTHETIC_FIXED_ALLOCATION
2026-06-30,BR035,55139.25,SYNTHETIC_FIXED_ALLOCATION
2026-06-30,BR036,59480.06,SYNTHETIC_FIXED_ALLOCATION
2026-06-30,BR037,53172.57,SYNTHETIC_FIXED_ALLOCATION
2026-06-30,BR038,43190.48,SYNTHETIC_FIXED_ALLOCATION
2026-06-30,BR039,25230.95,SYNTHETIC_FIXED_ALLOCATION
2026-06-30,BR040,56321.34,SYNTHETIC_FIXED_ALLOCATION
2026-06-30,BR041,50702.25,SYNTHETIC_FIXED_ALLOCATION
2026-06-30,BR042,54294.95,SYNTHETIC_FIXED_ALLOCATION
2026-06-30,BR043,44791.82,SYNTHETIC_FIXED_ALLOCATION
2026-06-30,BR044,35597.84,SYNTHETIC_FIXED_ALLOCATION
2026-06-30,BR045,46573.15,SYNTHETIC_FIXED_ALLOCATION
2026-06-30,BR046,38840.84,SYNTHETIC_FIXED_ALLOCATION
2026-06-30,BR047,28416.50,SYNTHETIC_FIXED_ALLOCATION
2026-06-30,BR048,51746.00,SYNTHETIC_FIXED_ALLOCATION
2026-06-30,BR049,39580.65,SYNTHETIC_FIXED_ALLOCATION
2026-06-30,BR050,25853.53,SYNTHETIC_FIXED_ALLOCATION
2026-06-30,BR051,50240.17,SYNTHETIC_FIXED_ALLOCATION
2026-06-30,BR052,33120.86,SYNTHETIC_FIXED_ALLOCATION
2026-06-30,BR053,54568.38,SYNTHETIC_FIXED_ALLOCATION
2026-06-30,BR054,56600.60,SYNTHETIC_FIXED_ALLOCATION
2026-06-30,BR055,47564.31,SYNTHETIC_FIXED_ALLOCATION
2026-06-30,BR056,44012.69,SYNTHETIC_FIXED_ALLOCATION
2026-06-30,BR057,30237.36,SYNTHETIC_FIXED_ALLOCATION
2026-06-30,BR058,41114.42,SYNTHETIC_FIXED_ALLOCATION
2026-06-30,BR059,26068.52,SYNTHETIC_FIXED_ALLOCATION
2026-06-30,BR060,34911.05,SYNTHETIC_FIXED_ALLOCATION
2026-07-31,BR001,47064.34,SYNTHETIC_FIXED_ALLOCATION
2026-07-31,BR002,52995.11,SYNTHETIC_FIXED_ALLOCATION
2026-07-31,BR003,36624.63,SYNTHETIC_FIXED_ALLOCATION
2026-07-31,BR004,59642.92,SYNTHETIC_FIXED_ALLOCATION
2026-07-31,BR005,35259.80,SYNTHETIC_FIXED_ALLOCATION
2026-07-31,BR006,54850.44,SYNTHETIC_FIXED_ALLOCATION
2026-07-31,BR007,45566.42,SYNTHETIC_FIXED_ALLOCATION
2026-07-31,BR008,28961.52,SYNTHETIC_FIXED_ALLOCATION
2026-07-31,BR009,25180.07,SYNTHETIC_FIXED_ALLOCATION
2026-07-31,BR010,41884.24,SYNTHETIC_FIXED_ALLOCATION
2026-07-31,BR011,31509.83,SYNTHETIC_FIXED_ALLOCATION
2026-07-31,BR012,26236.93,SYNTHETIC_FIXED_ALLOCATION
2026-07-31,BR013,38059.81,SYNTHETIC_FIXED_ALLOCATION
2026-07-31,BR014,25639.29,SYNTHETIC_FIXED_ALLOCATION
2026-07-31,BR015,42966.93,SYNTHETIC_FIXED_ALLOCATION
2026-07-31,BR016,33582.74,SYNTHETIC_FIXED_ALLOCATION
2026-07-31,BR017,37011.45,SYNTHETIC_FIXED_ALLOCATION
2026-07-31,BR018,32884.10,SYNTHETIC_FIXED_ALLOCATION
2026-07-31,BR019,32405.95,SYNTHETIC_FIXED_ALLOCATION
2026-07-31,BR020,47159.71,SYNTHETIC_FIXED_ALLOCATION
2026-07-31,BR021,58200.02,SYNTHETIC_FIXED_ALLOCATION
2026-07-31,BR022,42425.74,SYNTHETIC_FIXED_ALLOCATION
2026-07-31,BR023,31257.96,SYNTHETIC_FIXED_ALLOCATION
2026-07-31,BR024,35119.65,SYNTHETIC_FIXED_ALLOCATION
2026-07-31,BR025,31393.70,SYNTHETIC_FIXED_ALLOCATION
2026-07-31,BR026,42688.58,SYNTHETIC_FIXED_ALLOCATION
2026-07-31,BR027,58088.13,SYNTHETIC_FIXED_ALLOCATION
2026-07-31,BR028,36779.42,SYNTHETIC_FIXED_ALLOCATION
2026-07-31,BR029,38390.40,SYNTHETIC_FIXED_ALLOCATION
2026-07-31,BR030,57855.84,SYNTHETIC_FIXED_ALLOCATION
2026-07-31,BR031,45498.14,SYNTHETIC_FIXED_ALLOCATION
2026-07-31,BR032,40690.84,SYNTHETIC_FIXED_ALLOCATION
2026-07-31,BR033,29825.57,SYNTHETIC_FIXED_ALLOCATION
2026-07-31,BR034,31135.11,SYNTHETIC_FIXED_ALLOCATION
2026-07-31,BR035,47107.00,SYNTHETIC_FIXED_ALLOCATION
2026-07-31,BR036,48886.40,SYNTHETIC_FIXED_ALLOCATION
2026-07-31,BR037,57788.90,SYNTHETIC_FIXED_ALLOCATION
2026-07-31,BR038,55679.41,SYNTHETIC_FIXED_ALLOCATION
2026-07-31,BR039,50562.05,SYNTHETIC_FIXED_ALLOCATION
2026-07-31,BR040,44137.05,SYNTHETIC_FIXED_ALLOCATION
2026-07-31,BR041,39425.62,SYNTHETIC_FIXED_ALLOCATION
2026-07-31,BR042,27008.42,SYNTHETIC_FIXED_ALLOCATION
2026-07-31,BR043,37596.73,SYNTHETIC_FIXED_ALLOCATION
2026-07-31,BR044,55795.33,SYNTHETIC_FIXED_ALLOCATION
2026-07-31,BR045,40701.10,SYNTHETIC_FIXED_ALLOCATION
2026-07-31,BR046,51129.59,SYNTHETIC_FIXED_ALLOCATION
2026-07-31,BR047,58720.82,SYNTHETIC_FIXED_ALLOCATION
2026-07-31,BR048,39570.70,SYNTHETIC_FIXED_ALLOCATION
2026-07-31,BR049,31854.18,SYNTHETIC_FIXED_ALLOCATION
2026-07-31,BR050,58968.59,SYNTHETIC_FIXED_ALLOCATION
2026-07-31,BR051,44000.35,SYNTHETIC_FIXED_ALLOCATION
2026-07-31,BR052,47718.23,SYNTHETIC_FIXED_ALLOCATION
2026-07-31,BR053,54807.18,SYNTHETIC_FIXED_ALLOCATION
2026-07-31,BR054,42511.05,SYNTHETIC_FIXED_ALLOCATION
2026-07-31,BR055,33509.31,SYNTHETIC_FIXED_ALLOCATION
2026-07-31,BR056,42909.31,SYNTHETIC_FIXED_ALLOCATION
2026-07-31,BR057,25772.90,SYNTHETIC_FIXED_ALLOCATION
2026-07-31,BR058,38362.57,SYNTHETIC_FIXED_ALLOCATION
2026-07-31,BR059,55373.04,SYNTHETIC_FIXED_ALLOCATION
2026-07-31,BR060,57981.36,SYNTHETIC_FIXED_ALLOCATION
